ID,Class,SMILES,deltaG_dim(kcal/mol),vbur_vbur,vbur_vtot,vbur_ratio_vbur_vtot,vbur_qvbur_min,vbur_qvbur_max,vbur_qvtot_min,vbur_qvtot_max,vbur_max_delta_qvbur,vbur_max_delta_qvtot,vbur_ovbur_min,vbur_ovbur_max,vbur_ovtot_min,vbur_ovtot_max,vbur_near_vbur,vbur_far_vbur,vbur_near_vtot,vbur_far_vtot,sterimol_B1,sterimol_B5,sterimol_L,sterimol_burB1,sterimol_burB5,sterimol_burL,SASA,SASA_volume,SASA_carbene,SASA_volume_carbene,dVbur_B5_0.1,dVbur_B5_0.2,dVbur_B5_0.3,dVbur_B5_0.4,dVbur_B5_0.5,dVbur_B5_0.6,dVbur_B5_0.7,dVbur_B5_0.8,dVbur_B5_0.9,Vbur_3.0,Vbur_3.1,Vbur_3.2,Vbur_3.3,Vbur_3.4,Vbur_3.5,Vbur_3.6,Vbur_3.7,Vbur_3.8,Vbur_3.9,Vbur_4.0,Vbur_4.1,Vbur_4.2,Vbur_4.3,Vbur_4.4,Vbur_4.5,dVbur_3.0_3.1,dVbur_3.0_3.2,dVbur_3.0_3.3,dVbur_3.0_3.4,dVbur_3.0_3.5,dVbur_3.1_3.2,dVbur_3.1_3.3,dVbur_3.1_3.4,dVbur_3.1_3.5,dVbur_3.1_3.6,dVbur_3.2_3.3,dVbur_3.2_3.4,dVbur_3.2_3.5,dVbur_3.2_3.6,dVbur_3.2_3.7,dVbur_3.3_3.4,dVbur_3.3_3.5,dVbur_3.3_3.6,dVbur_3.3_3.7,dVbur_3.3_3.8,dVbur_3.4_3.5,dVbur_3.4_3.6,dVbur_3.4_3.7,dVbur_3.4_3.8,dVbur_3.4_3.9,dVbur_3.5_3.6,dVbur_3.5_3.7,dVbur_3.5_3.8,dVbur_3.5_3.9,dVbur_3.5_4.0,dVbur_3.6_3.7,dVbur_3.6_3.8,dVbur_3.6_3.9,dVbur_3.6_4.0,dVbur_3.6_4.1,dVbur_3.7_3.8,dVbur_3.7_3.9,dVbur_3.7_4.0,dVbur_3.7_4.1,dVbur_3.7_4.2,dVbur_3.8_3.9,dVbur_3.8_4.0,dVbur_3.8_4.1,dVbur_3.8_4.2,dVbur_3.8_4.3,dVbur_3.9_4.0,dVbur_3.9_4.1,dVbur_3.9_4.2,dVbur_3.9_4.3,dVbur_3.9_4.4,dVbur_4.0_4.1,dVbur_4.0_4.2,dVbur_4.0_4.3,dVbur_4.0_4.4,dVbur_4.0_4.5,Pint_morfeus,Pint_C,Pint_C_max,Pint_C_min,C_area_morf,area_Pint,Volume_morf,Pint_max_morfeus,Pint_min_morfeus,Pint_C_times_C_area,Pint_times_area_Pint,Pint_dP_morfeus,C_nmr_para_xx,C_nmr_para_yy,C_nmr_para_zz,C_nmr_para_iso,C_nmr_dia_xx,C_nmr_dia_yy,C_nmr_dia_zz,C_nmr_dia_iso,C_nmr_total_xx,C_nmr_total_yy,C_nmr_total_zz,C_nmr_total_iso,77Se_nmr_para_xx,77Se_nmr_para_yy,77Se_nmr_para_zz,77Se_nmr_para_iso,77Se_nmr_dia_xx,77Se_nmr_dia_yy,77Se_nmr_dia_zz,77Se_nmr_dia_iso,77Se_nmr_total_xx,77Se_nmr_total_yy,77Se_nmr_total_zz,77Se_nmr_total_iso,nbo_C,nbo_lp_C_percent_s,nbo_lp_C_occ,nbo_lp_C_e,nbo_bd_e_max,nbo_bd_e_avg,nbo_bds_e_min,nbo_bds_e_avg,nbo_bd_occ_min,nbo_bd_occ_avg,nbo_bds_occ_max,nbo_bds_occ_avg,nbo_delta_lp_C_bds,somo_ra,nbo_C_ra,spindens_C_ra,E_ra,somo_rc,nbo_C_rc,spindens_C_rc,E_rc,Pint,Pint_dP,Pint_min,Pint_max,Volume,Area,Sphericity,efg_amp_C,efgtens_xx_C,efgtens_yy_C,efgtens_zz_C,nuesp_C,dipolemoment,fmo_e_homo,fmo_e_lumo,fmo_mu,fmo_eta,fmo_omega,qpole_amp,qpoletens_xx,qpoletens_yy,qpoletens_zz,E_singlet,E_solv_cds,Energy_Solvent,dipolemoment_triplet,fmo_e_homo_triplet,fmo_e_lumo_triplet,fmo_mu_triplet,fmo_eta_triplet,fmo_omega_triplet,qpole_amp_triplet,qpoletens_xx_triplet,qpoletens_yy_triplet,qpoletens_zz_triplet,Energy_triplet,Vmin,R(Vmin),X_Vmin,Y_Vmin,Z_Vmin,alpha_xx,alpha_xy,alpha_yy,alpha_xz,alpha_yz,alpha_zz,dE_AuCl,dE_H+,dE_triplet,E_oxidation,E_reduction,E_solv_total,E_solv_elstat,fukui_p,fukui_m,Bridge_distance,Bridge_dipole,Hirshfeld_Au,NHC-Au_distance,NHC-Au-Cl_angle
C1,OXZL,CC(C)(C)c1cc2c(c(C(C)(C)C)c1)OCN2c1ccccc1,-25.23615172,47.97355469,358.1075473,0.133964098,6.344457634,20.2466223,51.26732878,126.471225,13.88229248,75.20389623,0,16.47509012,0,113.4517262,43.42282354,4.550731152,324.4988378,26.57996013,3.237249323,7.233956977,4.38,3.078500041,6.803115816,4.38,564.7534729,930.5458928,33.80078975,34.92748274,0.157791137,0.156367911,0.1534038,0.148767751,0.143212908,0.136019051,0.123940039,0.108003658,0.088204162,0.289313915,0.284857066,0.280428388,0.275903598,0.271401496,0.267034337,0.262793086,0.258619503,0.254723653,0.250922076,0.247350413,0.244204202,0.241421175,0.238914906,0.236608594,0.234575808,0.241741717,0.238835244,0.235389043,0.232094333,0.22914151,0.236110365,0.232504189,0.229263907,0.226453709,0.223818403,0.229116499,0.2261455,0.223609357,0.221183526,0.218662358,0.223349214,0.221093916,0.218838196,0.216411123,0.21452594,0.218967456,0.216772282,0.214352743,0.212617669,0.210706083,0.214699029,0.212234057,0.210727606,0.208912032,0.207400201,0.209902293,0.208899959,0.207184113,0.205809053,0.205251453,0.207950367,0.205930413,0.204583258,0.204233859,0.204248276,0.204014024,0.203026966,0.203117769,0.203435458,0.203702504,0.20208925,0.202702684,0.203261249,0.203633883,0.203781937,0.2032862,0.203805076,0.204100151,0.204155968,0.204434804,19.20557623,20.10350585,37.5593977,14.52153429,19.18502819,418.6416577,429.4562597,48.56021094,9.381406333,385.6863265,8040.254271,6.732916888,-624.539,-153.289,-253.689,-343.839,274.669,234.491,247.192,252.117,-349.87,81.202,-6.497,-91.722,-1939.091,-1159.82,-1496.231,-1531.714,2995.049,2993.874,3009.356,2999.426,1055.958,1834.054,1513.125,1467.712,0.26929,55.03,1.92569,-0.27285,-0.35194,-0.62514,0.00372,0.28646,1.86897,1.943146667,0.25522,0.09748,0.27657,0.0654,0.15282,0.16013,-944.4695976,-0.39127,0.75373,1.01732,-944.1952043,18.94,4.85,11.89,35.91,424.0679,369.6766,0.73839,1.026835088,-0.607029,-0.197316,0.804346,-14.725549,3.853502236,-0.2405,-0.02866,-0.13458,0.21184,0.042748717,9.98052822,6.191795858,1.492317406,-7.684113264,-944.4903361,-6.26,-944.5145138,1.539624942,-0.12661,-0.12235,-0.12448,0.00426,1.818693709,7.781338981,4.655925714,1.415883443,-6.071809157,-944.3755675,-0.119025,1.36281,-0.085,0.02,1.36,311.925,4.753,190.436,26.378,-14.309,285.175,-3.535581062,-11.3588366,3.123005625,0.2951318,0.0207385,-0.0241777,6.2358223,0.11647,0.48444,1.398616871,0.185904155,-0.192214,1.956833881,179.0969329
C2,OXZL,c1ccc(N2COc3ccccc32)cc1,-24.31258073,47.96623336,220.1891968,0.217840993,6.339228111,20.2685863,16.95245485,91.0724849,13.90425648,74.00272826,0,16.4928705,0,80.37239636,43.43014487,4.536088486,187.0611944,26.89569966,2.073077221,7.232499845,4.38,2.073077221,6.802659044,4.38,385.962848,581.9118592,33.72078788,34.84481414,0.12882018,0.127191487,0.123657826,0.117852492,0.110123363,0.099955367,0.08717325,0.071903666,0.054066135,0.289239422,0.284764361,0.280298155,0.275792214,0.271426936,0.267121692,0.262857265,0.258678507,0.254796185,0.250972371,0.247237912,0.243589006,0.240033178,0.236380281,0.232705789,0.229164858,0.241472835,0.238444099,0.235166209,0.232339069,0.229504136,0.235604595,0.232302267,0.229659331,0.226951045,0.224159709,0.229200017,0.226951398,0.224402157,0.221706409,0.219068071,0.224835012,0.222210687,0.219490974,0.216886219,0.214947528,0.219736281,0.217043562,0.214527986,0.212809093,0.210805186,0.214500399,0.212136777,0.210747162,0.208865698,0.206882074,0.209900887,0.209019924,0.207183253,0.205221276,0.203212634,0.208185316,0.205929804,0.203819882,0.201749258,0.199732695,0.203789934,0.20180216,0.199816471,0.197876866,0.195360696,0.199913753,0.197976231,0.196096419,0.193503909,0.190813063,0.196133202,0.194325113,0.19156901,0.188802096,0.186522444,18.65213655,18.51735489,34.80396606,13.31218025,19.18502819,254.4344519,241.7466044,45.03931356,9.148623482,355.2559756,4745.746139,6.158893903,-632.929,-154.754,-255.46,-347.715,273.16,234.919,247.739,251.939,-359.769,80.165,-7.721,-95.775,-1960.248,-1158.449,-1597.696,-1572.131,2995.356,2994.381,3008.907,2999.548,1035.108,1835.932,1411.211,1427.417,0.27346,55.4,1.9276,-0.27891,-0.35711,-0.629406667,-0.00244,0.27802,1.86567,1.94207,0.2517,0.09614,0.27647,0.0668,0.04861,0.36372,-630.2205638,-0.4129,0.78134,1.05848,-629.9317943,18.27,4.2,10.84,31.71,243.89464,232.42399,0.812216,1.038544423,-0.61718,-0.195001,0.812181,-14.719487,3.901510279,-0.24565,-0.03465,-0.14015,0.211,0.046545077,10.15163372,6.639169242,0.977962053,-7.617131295,-630.2369929,-4.23,-630.2569127,1.915021159,-0.13292,-0.12638,-0.12965,0.00654,1.285101109,8.50693866,5.566783556,0.814134221,-6.380917777,-630.1243524,-0.115382,1.36812,-0.09,0.02,1.365,192.82,5.451,104.978,33.835,-15.111,176.541,-3.482012277,-11.11275344,3.065097205,0.3051986,0.0164291,-0.0199198,4.2100802,0.22485,0.50788,1.403400012,0.211787096,-0.186672,1.954646601,178.8643624
C3,AIZL,c1ccc(N2CN(c3ccccc3)c3ccccc32)cc1,-2.977812447,59.66572282,308.4122761,0.19346092,9.981068118,19.96004443,59.67376746,91.09958985,5.258808603,31.42582239,0,16.36840784,0,81.36792807,55.31266765,4.353055172,276.2317938,26.14666398,2.836650511,7.239245226,4.38,2.836650511,6.808546152,4.38,504.0347343,793.5085974,20.33047502,21.00815752,0.183469047,0.182225709,0.179074937,0.172605586,0.162912773,0.14780402,0.126304111,0.100549907,0.071522635,0.344196961,0.341980178,0.339477232,0.336962575,0.334550219,0.332224888,0.329892607,0.327560774,0.325542177,0.323422411,0.321352647,0.319279752,0.317205812,0.315078218,0.312781466,0.31051092,0.320535129,0.317384191,0.315106426,0.313381328,0.311862938,0.31443012,0.312641162,0.311282489,0.310013039,0.308540644,0.310960592,0.309848814,0.308711995,0.30727819,0.305728037,0.308802416,0.307684926,0.306189513,0.304601239,0.303867246,0.306631275,0.30499288,0.303354841,0.302799882,0.301570434,0.303445483,0.30185058,0.301659438,0.300471415,0.299286501,0.300341867,0.300837501,0.299583399,0.298379842,0.297040663,0.301307055,0.299233572,0.297792278,0.296318367,0.294824334,0.297266397,0.296167733,0.294820234,0.29340101,0.291770796,0.29512399,0.293687335,0.292237128,0.290560228,0.288377436,0.292320747,0.290897575,0.289182594,0.286886659,0.284930438,19.70099699,23.93159878,39.10101485,17.66810064,16.88682169,349.1919146,341.0286545,45.30046604,9.274524172,404.1286414,6879.428857,6.638561287,-243.333,-131.199,-605.268,-326.6,245.116,234.757,278.559,252.811,1.783,103.558,-326.708,-73.789,-1493.006,-1033.966,-1835.725,-1454.232,3009.592,2993.981,2995.953,2999.842,1516.586,1960.015,1160.228,1545.61,0.14665,50.36,1.91782,-0.24868,-0.70353,-0.70353,0.4654,0.465405,1.97387,1.97387,0.01677,0.01677,0.71408,0.05913,0.11609,0.02907,-841.2414549,-0.38014,0.66,1.02171,-840.9771745,19.38,4.53,11.96,35.23,346.94348,316.18232,0.755183,1.004203087,-0.622197,-0.151357,0.773554,-14.750844,1.592731288,-0.22993,-0.02759,-0.12876,0.20234,0.040968512,14.69097544,10.01315111,0.713125784,-10.72627689,-841.2573446,-10.46,-841.2900818,0.947896653,-0.11333,-0.12286,-0.118095,-0.00953,-0.731711911,13.61230755,9.091048712,0.991811063,-10.08285978,-841.1401792,-0.125693,1.35546,0,0.035,1.355,319.211,0.16,161.265,0.029,-28.352,236.394,-3.695948255,-11.74304674,3.188225728,0.2801701,0.0158897,-0.0327372,10.4272628,0.03056,0.51335,1.4139,0,-0.195355,1.973482764,178.9391955
C4,THZL,c1ccc(N2CSc3ccccc32)cc1,-31.91135682,55.77495751,233.2520036,0.239118878,7.694720543,22.94401041,19.55775133,97.47246152,15.24824396,77.86721539,0,17.13714776,0,80.28945006,48.01016135,7.764796155,193.3270683,39.92493528,2.143162552,6.7744952,4.38,2.143162552,6.598220659,4.38,398.0733125,606.53909,28.24065984,29.18201517,0.156587792,0.155045468,0.151131297,0.144518628,0.134422882,0.119796822,0.10040445,0.079657396,0.061029298,0.327091403,0.323649879,0.320294785,0.317045834,0.313638445,0.310351053,0.307034058,0.303619896,0.300378074,0.296988164,0.293661939,0.290113685,0.286606331,0.282947016,0.279092576,0.275318036,0.290356733,0.288479821,0.286696683,0.284117161,0.281879276,0.286720177,0.285034593,0.282286546,0.280070916,0.277683218,0.283451134,0.280267127,0.278112387,0.275746076,0.273069002,0.277270359,0.275673861,0.273468127,0.270833274,0.268744099,0.274168566,0.271726817,0.268923531,0.266900065,0.264291554,0.269420685,0.266515455,0.264736539,0.262146649,0.259789951,0.263767225,0.262580897,0.259974721,0.257690446,0.254657279,0.261456993,0.258225513,0.255870645,0.252664042,0.249832781,0.255159713,0.253288612,0.250023465,0.247280608,0.244121077,0.251511046,0.247644701,0.244908181,0.241689493,0.238050691,0.24396692,0.241844342,0.238724723,0.235076374,0.232036568,19.48893495,21.90223452,40.85658803,15.75928954,17.28650978,265.8513643,256.8901175,44.23276465,9.237020005,378.6131912,5181.159945,6.439574575,-746.315,-106.072,-308.335,-386.907,273.318,239.399,252.873,255.197,-472.997,133.328,-55.463,-131.71,-2295.599,-1226.304,-2518.529,-2013.477,2994.904,2993.503,3009.3,2999.236,699.305,1767.199,490.771,985.758,-0.15489,51.93,1.91487,-0.27352,-0.35821,-0.551106667,-0.01327,0.223693333,1.88149,1.93988,0.3058,0.115486667,0.26025,0.06103,-0.41192,0.47739,-953.1276046,-0.40681,0.32253,1.01669,-952.8512551,19.05,4.39,11.97,34.8,259.23575,243.22037,0.808377,1.010479513,-0.651071,-0.113343,0.764414,-14.741436,3.534535439,-0.23419,-0.03822,-0.136205,0.19597,0.04733327,9.373534459,6.529781204,0.192426595,-6.722207799,-953.1391665,-5.46,-953.1602294,2.292309544,-0.13402,-0.12164,-0.12783,0.01238,0.659955933,8.562416898,6.09502426,-0.081791134,-6.013233126,-953.0424094,-0.114401,1.37538,-0.03,0.01,1.375,209.723,4.698,117.308,28.509,-11.479,195.772,-3.523098955,-11.33368651,2.632888853,0.2879114,0.0115619,-0.0210629,5.4389371,0.25703,0.47742,1.415069498,0.490236677,-0.182435,1.961059093,179.1495253
C5,TRZL,c1ccc(C2=NN(c3ccccc3)CN2c2ccccc2)cc1,8.868934384,58.8969829,336.9639367,0.1747872,12.55713128,16.94156359,58.79669916,108.7105168,3.777807612,46.35579378,0.114003607,15.78479305,0.801722428,106.3418837,56.45793325,2.439049654,324.895477,12.06845964,2.634873758,7.353772787,4.38,2.634873758,6.892254724,4.38,541.4948501,861.6790805,21.24049628,21.94851282,0.172578322,0.171263834,0.167890059,0.161193944,0.151422889,0.137261035,0.117642995,0.094009935,0.069461161,0.34153382,0.339148463,0.33648189,0.333690688,0.330715122,0.327903699,0.325009627,0.322034065,0.319372416,0.316456545,0.313718112,0.310836092,0.308055065,0.305300917,0.302433957,0.299645602,0.316072631,0.312833813,0.309995426,0.30697448,0.304721761,0.309797353,0.307235667,0.304305191,0.302300462,0.300034231,0.304829187,0.301803636,0.300092266,0.29794143,0.295563485,0.298956006,0.29792863,0.295905111,0.293568172,0.292197568,0.296959945,0.294507891,0.29196972,0.290735873,0.28845659,0.292192026,0.289678631,0.28888323,0.286609991,0.284927245,0.287301061,0.287360523,0.284943271,0.28334352,0.281135644,0.287416857,0.283855793,0.282158363,0.279786664,0.277840502,0.280477307,0.279727864,0.27749527,0.27573795,0.273958058,0.279015886,0.276114192,0.274310912,0.272522003,0.27027444,0.273354015,0.272127726,0.270561735,0.268342855,0.26644226,19.91540023,23.54676904,38.6569821,17.55288764,16.98674371,380.9779764,371.8914352,44.9757752,9.241051873,399.9829309,7587.328879,6.690806283,-568.343,-119.908,-248.595,-312.282,278.4,236.152,248.403,254.318,-289.944,116.244,-0.192,-57.964,-1820.675,-1074.733,-1417.006,-1437.471,2995.844,2993.264,3010.326,2999.811,1175.168,1918.531,1593.32,1562.34,0.11077,50.91,1.90908,-0.25481,-0.34811,-0.593986667,0.00807,0.30912,1.8411,1.93144,0.31244,0.119003333,0.26288,0.04219,0.06695,-0.01911,-934.6325166,-0.3825,0.30983,0.2794,-934.3477926,19.5,4.52,11.96,35.08,378.10805,343.77925,0.735555,0.95031325,-0.571337,-0.169006,0.740342,-14.750833,2.855150326,-0.23456,-0.04809,-0.141325,0.18647,0.053554876,17.10757195,10.8440116,2.202957688,-13.04696929,-934.6302277,-11.06,-934.664924,1.19252988,-0.11536,-0.17559,-0.145475,-0.06023,-0.175684672,17.44479613,11.76906288,1.063657179,-12.83272006,-934.5002847,-0.097399,1.37047,0.245,0.25,1.325,304.663,-19.257,162.872,-44.947,-21.445,325.003,-3.581080029,-11.50989396,3.535921149,0.2824351,-0.0022889,-0.0346963,11.0253037,0.04382,0.19906,1.319211104,0.788373748,-0.190674,1.976067908,178.9760101
C6,IMZL,C1=CN(c2ccccc2)CN1c1ccccc1,4.316454618,59.85189385,256.0322858,0.233766978,9.909946601,19.90042786,54.88587344,72.54976326,5.316333359,16.43523424,0,16.15818101,0,64.11127985,55.05119149,4.800702364,226.5556327,25.22944892,2.64074819,7.286472905,4.38,2.64074819,6.842874103,4.38,446.214307,679.8596043,20.44047759,21.12182684,0.157340961,0.155920435,0.152105145,0.14446395,0.133205336,0.116140592,0.091251184,0.061230621,0.037362927,0.348145113,0.345578816,0.342794325,0.339614892,0.336381907,0.333115915,0.329972831,0.326774054,0.323919272,0.320999866,0.318241419,0.315502231,0.312854525,0.310167771,0.307433609,0.304709209,0.320752581,0.317747292,0.313843831,0.310568629,0.307554444,0.314929772,0.310706453,0.30758078,0.304739097,0.302405804,0.306739013,0.304233481,0.301737451,0.299721195,0.297422517,0.30187529,0.299452938,0.297646424,0.295416267,0.294130336,0.297168968,0.295709728,0.293500016,0.292455281,0.290793733,0.294331535,0.291815544,0.291052215,0.289409279,0.288052353,0.289435518,0.289543073,0.28793956,0.286683488,0.285179288,0.289644969,0.287249583,0.285859343,0.284248033,0.282768503,0.28497701,0.284109611,0.282627301,0.281258729,0.279537678,0.283285573,0.281539074,0.280139141,0.278339505,0.276320645,0.279877753,0.278679144,0.276846467,0.274781615,0.272780677,18.66444328,22.90324306,36.86179871,17.08485138,16.4871336,299.207292,285.3494296,42.58723817,9.136418612,377.6088283,5584.537529,5.97242663,-582.212,-114.241,-238.196,-311.55,275.686,232.465,245.906,251.352,-306.527,118.224,7.71,-60.198,-1850.651,-1005.092,-1157.97,-1337.905,2995.734,2993.632,3009.585,2999.65,1145.083,1988.539,1851.615,1661.746,0.1006,50.57,1.913,-0.24242,-0.3354,-0.578386667,0.01605,0.319433333,1.84383,1.932096667,0.35256,0.129983333,0.25847,0.06474,-0.00656,0.19153,-687.7069276,-0.39197,0.62217,1.02141,-687.4450264,18.42,3.94,11.77,32.04,288.77535,272.68777,0.774804,0.912223932,-0.534413,-0.182103,0.716515,-14.761079,2.192907422,-0.22537,-0.02675,-0.12606,0.19862,0.040003835,13.60670141,8.232225424,2.34484775,-10.57707317,-687.725964,-8.71,-687.7558527,1.25183125,-0.10265,-0.1255,-0.114075,-0.02285,-0.28475067,9.398817001,5.376280342,2.054284102,-7.430564443,-687.5999937,-0.0554938,1.3907,-0.25,0.25,1.345,127.217,-33.056,192.663,36.423,-33.536,259.805,-3.687497451,-11.74697276,3.42781872,0.2809376,0.0190364,-0.0298887,8.6801113,0.10716,0.52157,1.366880053,4.10E-05,-0.189277,1.97975409,179.1910725
C7,IMZL,Cc1cc(C)c(N2C=CN(c3c(C)cc(C)cc3C)[CH-]2)c(C)c1,31.4000169,64.37020196,360.989082,0.178316202,16.05254464,16.12889568,90.20273493,90.29180605,0.07635104,0.084010267,0,16.12889568,3.408994942,86.85345813,64.37020196,0,347.2852867,13.70379528,4.49354,8.229566188,4.38,4.49354,6.808228745,4.38,563.0836639,936.8340969,11.18026123,11.5529366,0.153474963,0.152171664,0.14921778,0.140247784,0.122030307,0.091530054,0.054332818,0.032855869,0.022731218,0.338731004,0.343151632,0.347375437,0.351449376,0.355118551,0.358600447,0.361902062,0.365038156,0.367919054,0.370737493,0.373172832,0.375554037,0.377424814,0.378966969,0.38018246,0.380986237,0.385916569,0.387840013,0.389873461,0.39107952,0.392394146,0.389643282,0.391670351,0.392594268,0.393775903,0.395023561,0.393574606,0.393938375,0.39499316,0.396176866,0.397398904,0.394280752,0.395641099,0.396946206,0.398222443,0.399177085,0.396923733,0.398166906,0.399391857,0.400236049,0.401408835,0.399341032,0.400525011,0.401221986,0.402382826,0.402748738,0.401645007,0.4020876,0.403291064,0.403491619,0.40416156,0.402506904,0.404050271,0.404044621,0.404712177,0.404197649,0.405514509,0.404755359,0.405374433,0.404568864,0.403575095,0.404034159,0.405309559,0.404284126,0.403147882,0.401843622,0.406522758,0.404400115,0.402880347,0.401359582,0.39942155,19.53275411,27.72150139,44.99772195,19.55674535,13.68931699,436.6253368,430.1409422,46.87325121,9.330831406,379.48842,8528.495343,7.121165954,-582.535,-106.189,-244.49,-311.072,274.874,235.807,243.913,251.531,-307.662,129.618,-0.577,-59.54,-1846.451,-1056.963,-1026.418,-1309.944,2992.996,2992.319,3008.272,2997.862,1146.545,1935.356,1981.854,1687.918,0.09525,49.47,1.91164,-0.23142,-0.32662,-0.571416667,0.02474,0.33591,1.86418,1.937106667,0.34968,0.129833333,0.25616,0.06983,0.08155,0.02093,-923.4037985,-0.36844,0.66204,1.06089,-923.161552,18.99,4.64,11.55,38.32,427.29677,377.84729,0.726085,0.91008939,-0.540743,-0.171023,0.711766,-14.772598,1.738020161,-0.21681,-0.01292,-0.114865,0.20389,0.032355604,10.14116024,7.013224251,0.305549952,-7.318774203,-923.4322779,-10.09,-923.4651786,0.378309048,-0.07698,-0.09816,-0.08757,-0.02118,-0.181031749,7.892228813,5.687367142,-0.219940244,-5.467426898,-923.2929932,-0.137036,1.35001,0,0,1.35,363.905,-0.033,259.418,-0.005,0.246,182.405,-3.910147203,-12.03633192,3.790121179,0.2707259,0.0284794,-0.0329007,10.0570993,0.0137,0.56679,1.37062,1.37E-05,-0.154908,1.970789588,179.9725338
C8,IMZL,CC(C)c1cccc(C(C)C)c1N1C=CN(c2c(C(C)C)cccc2C(C)C)C1,53.99310111,84.06249479,466.7381646,0.180106323,21.00490318,21.02059175,116.6687245,116.6993374,0.01568857,0.030612874,1.825103622,19.18189136,6.746057023,109.9532803,76.71919822,7.343296579,439.5906678,27.14749675,5.56792,7.215599067,4.38,5.56792,6.782829237,4.38,649.9332197,1165.656036,3.150073601,3.255076054,0.291995134,0.291521932,0.290876502,0.283309667,0.26621469,0.236386729,0.191805863,0.140871635,0.093373747,0.432443757,0.441225054,0.449079181,0.456184562,0.462526712,0.468126864,0.473237207,0.477824325,0.481835243,0.485506639,0.48847061,0.491041877,0.492909509,0.49418344,0.494892985,0.494963529,0.526174895,0.526949577,0.527909048,0.528540998,0.528816241,0.527675858,0.528696556,0.529235185,0.529379677,0.529784734,0.529655413,0.529945423,0.529881534,0.530236788,0.530489737,0.530218378,0.529984817,0.530408668,0.530669403,0.530518028,0.529764599,0.530495815,0.530803213,0.530582835,0.530632946,0.531186419,0.531280056,0.53082639,0.530821518,0.529759989,0.531368633,0.530660704,0.530712563,0.529449027,0.528351316,0.529990026,0.530409966,0.528874166,0.527691133,0.525515006,0.530808375,0.528358411,0.527000762,0.524532486,0.521687812,0.526030919,0.525237331,0.522642793,0.519678741,0.516419706,0.524482447,0.521070646,0.517761249,0.514295929,0.510283227,20.87187424,33.6059749,52.24772299,23.77600748,12.09056464,554.2381139,571.7978035,53.82625259,10.24165211,406.315212,11567.98821,7.905643453,-570.003,-107.161,-251.158,-309.441,273.942,235.196,243.123,250.753,-296.061,128.035,-8.035,-58.687,-1878.446,-1061.587,-1379.475,-1439.836,2992.382,2992.974,3008.832,2998.063,1113.936,1931.387,1629.358,1558.227,0.09726,49.34,1.91067,-0.23557,-0.33321,-0.57708,0.01855,0.33104,1.86358,1.9362,0.35285,0.131096667,0.25412,0.06619,0.08832,-0.00634,-1159.081725,-0.36576,0.671,1.06021,-1158.835461,19.87,5.02,12.88,37.72,566.03923,459.29844,0.720477,0.900867208,-0.534202,-0.170794,0.704996,-14.768214,1.965382075,-0.22201,-0.01369,-0.11785,0.20832,0.033334827,7.12178024,4.114042024,1.501893227,-5.615935251,-1159.108009,-10.83,-1159.142045,0.788774653,-0.08246,-0.10485,-0.093655,-0.02239,-0.195874476,5.074043494,2.660791796,1.419713,-4.080504797,-1158.969017,-0.130312,1.36,0,0,1.36,385.811,0.022,369.93,-0.011,-0.052,246.621,-3.981538507,-11.9905899,3.782148261,0.2725484,0.0262841,-0.0340362,10.7959638,0.00894,0.57374,1.37074,4.11E-05,-0.123508,1.974914753,179.9917809
C9,IMZL,C1=CN(C2CCCCC2)CN1C1CCCCC1,17.89215453,49.06129553,270.9877448,0.181046178,12.25591074,12.27473702,67.68201756,67.82310057,0.018826284,0.141083009,0,12.27473702,0,67.82310057,49.06129553,0,270.9877448,0,3.26527,7.524129767,4.38,3.26527,7.114539881,4.38,482.2311551,760.4803059,21.91051194,22.64086233,0.149613112,0.148199705,0.145417807,0.140660523,0.132949971,0.118169596,0.093120724,0.061746608,0.038497553,0.285635802,0.28265743,0.279884476,0.277407273,0.275160273,0.273137579,0.271024089,0.269476241,0.268246355,0.267150617,0.266409596,0.266045474,0.265849922,0.265584521,0.26529493,0.26514469,0.253844805,0.252962531,0.252547671,0.252172685,0.25188076,0.25213538,0.251958622,0.251682105,0.251461802,0.250474497,0.251792572,0.251475649,0.2512634,0.250118474,0.250406794,0.251177362,0.251021696,0.249623537,0.250108376,0.250859721,0.250874923,0.248911932,0.249791231,0.250791023,0.251421838,0.247057967,0.249293691,0.25076605,0.251540607,0.252754577,0.251408596,0.252472508,0.252879062,0.25399644,0.255612856,0.253480438,0.253557282,0.254771417,0.25653274,0.258011906,0.253630187,0.255368113,0.257449364,0.25900682,0.25965555,0.257019161,0.25921815,0.260625743,0.260982814,0.261039083,0.261309893,0.262299258,0.262179296,0.26192736,0.262160211,17.40927156,22.5100886,37.47501413,16.60725197,17.3864318,353.0819815,349.3705692,38.38437745,9.44947714,391.3701203,6146.9001,5.462998268,-529.598,-133.416,-242.618,-301.877,275.997,232.397,245.089,251.161,-253.601,98.981,2.471,-50.716,-1747.262,-876.456,-1026.753,-1216.823,2995.29,2992.897,3010.11,2999.432,1248.029,2116.441,1983.356,1782.609,0.06629,48.98,1.91117,-0.22397,-0.31582,-0.56231,0.03336,0.34875,1.86052,1.93836,0.36152,0.13076,0.25733,0.10699,0.05048,-0.00112,-694.9075361,-0.42493,0.62906,1.06107,-694.7107216,17.58,3.55,11.64,32.62,337.69494,305.32881,0.768067,0.8683377,-0.514592,-0.16508,0.679672,-14.781897,2.062044696,-0.21041,0.03728,-0.086565,0.24769,0.01512677,8.618824384,6.889551373,-2.202749804,-4.686801569,-694.9811793,-9.94,-695.0106203,0.402626337,-0.06162,-0.0921,-0.07686,-0.03048,-0.096907146,6.743565989,4.857242507,-0.182905875,-4.674336632,-694.8335837,-0.139415,1.34001,0,0,1.34,249.596,0.022,160.247,0.002,-0.026,161.391,-3.875343266,-12.00870089,4.016271777,0.2704577,0.0736432,-0.029441,9.910559,0.01581,0.56277,1.37164,0,-0.163619,1.983707266,179.9945422
C11,IZLD,Cc1cc(C)c(N2CCN(c3c(C)cc(C)cc3C)C2)c(C)c1,7.20443908,66.60530021,363.3501,0.183308881,16.00547893,17.29298756,83.81350148,97.86863482,1.28750863,14.05513334,0,17.28252851,3.217171835,92.96695262,66.58438211,0.020918093,347.1194783,16.23062178,4.484650828,8.254466436,4.38,4.484650828,6.817777113,4.38,563.8035712,944.1763964,9.960232719,10.29224048,0.15326539,0.151967333,0.14869053,0.13912172,0.120374851,0.089450265,0.052875363,0.032054611,0.022720114,0.352139824,0.356534857,0.360590182,0.364502116,0.367749568,0.370900112,0.37381803,0.376755369,0.379333793,0.381764686,0.383945751,0.385882861,0.387415048,0.388588581,0.389491156,0.389976446,0.399052194,0.400146295,0.401850431,0.402003718,0.402807373,0.401172038,0.403121156,0.40286966,0.403608405,0.404347707,0.404952183,0.403642888,0.404326032,0.405028437,0.406372415,0.402410588,0.404040032,0.405050981,0.406678253,0.407483038,0.405576391,0.406260203,0.407944376,0.408580092,0.409286556,0.406906035,0.409031554,0.409474167,0.41009226,0.410422996,0.411042209,0.41065602,0.411043624,0.411189695,0.411164547,0.410290151,0.411044276,0.411233862,0.411191314,0.410455146,0.411759736,0.41167005,0.411461939,0.410491372,0.409202697,0.411584847,0.411324019,0.410109462,0.408639434,0.407211103,0.411075913,0.409424859,0.407750321,0.406244643,0.40420555,19.46402059,28.67234873,44.29866009,20.089003,13.58939497,438.0351847,438.2942635,45.50308241,9.338491124,389.6398717,8525.925854,7.064169143,-641.087,-111.109,-259.907,-337.368,278.375,236.364,240.352,251.697,-362.712,125.255,-19.554,-85.671,-1893.529,-1076.517,-1215.92,-1395.322,2993.449,2992.2,3007.892,2997.847,1099.92,1915.683,1791.971,1602.524,0.19643,45.24,1.87787,-0.2206,-0.70229,-0.702295,0.53146,0.531465,1.97723,1.97723,0.01933,0.01933,0.75206,0.07229,0.18278,0.02042,-924.599987,-0.36557,0.78086,0.98213,-924.3652162,19.02,4.71,11.54,38.69,434.34,381.66616,0.726698,1.103046553,-0.74351,-0.068416,0.811926,-14.76744,2.148971574,-0.2107,-0.0099,-0.1103,0.2008,0.030294049,7.504295138,4.124681613,1.861620706,-5.986302319,-924.6312212,-10,-924.6639371,0.940360912,-0.0853,-0.08856,-0.08693,-0.00326,-1.159022224,5.270723317,2.8353331,1.386067888,-4.221400989,-924.5051022,-0.135584,1.35001,0,0,1.35,364.111,0.508,263.711,0.019,-0.091,187.066,-3.928854716,-12.00214233,3.431865043,0.266005,0.0312342,-0.0327159,9.9672841,0.01365,0.58443,1.542679445,0,-0.142597,1.972967186,179.9947731
C12,IZLD,c1ccc(N2CCN(c3ccccc3)C2)cc1,-12.81436397,61.51801997,257.8573525,0.238573845,11.7967586,19.07311728,41.81773318,98.95448803,5.143759091,57.13675484,0,16.4939164,0.009248755,82.05187393,55.99041387,5.527606099,230.2272099,27.63014258,2.464529048,7.323553007,4.38,2.464529048,6.875774572,4.38,450.0437266,689.6769861,18.91044184,19.5407899,0.156013958,0.154555758,0.150352956,0.142223852,0.130625929,0.11385147,0.090338204,0.061119793,0.037699982,0.359868519,0.356871966,0.353511675,0.349903932,0.34605551,0.342253308,0.338519382,0.334616671,0.330945819,0.327274175,0.323769474,0.320283494,0.31694828,0.313614737,0.310172826,0.306847538,0.327883456,0.323755296,0.319799439,0.315744129,0.312293579,0.31988506,0.316128353,0.312182596,0.30896804,0.306100655,0.312599253,0.308674298,0.30575245,0.303145862,0.299998191,0.304980154,0.302625105,0.300351031,0.29728463,0.294964951,0.300404592,0.298231028,0.295001537,0.292798894,0.290392756,0.296178186,0.29252091,0.290534999,0.288218573,0.286254948,0.289061276,0.287938006,0.285841941,0.284091678,0.282070442,0.286873842,0.284357094,0.282603442,0.280540862,0.278759374,0.281969382,0.280629645,0.27863903,0.276977788,0.275011485,0.27935688,0.277096636,0.275474801,0.273478804,0.270952454,0.274946624,0.273673452,0.271704426,0.269095339,0.266921127,18.57781837,23.14414037,37.42189991,18.14767394,15.78767945,306.8195382,294.3825637,41.50687185,9.14363405,365.3922693,5700.037653,6.015951872,-658.995,-110.712,-245.049,-338.252,276.797,230.89,241.965,249.884,-382.198,120.179,-3.084,-88.368,-1943.342,-982.965,-1547.623,-1491.31,2996.311,2993.317,3009.62,2999.749,1052.969,2010.351,1461.997,1508.439,0.19705,46.95,1.88809,-0.239,-0.71328,-0.713285,0.49661,0.49662,1.98011,1.980115,0.01722,0.01722,0.73561,0.06465,0.01286,0.31748,-688.9110263,-0.38445,0.22934,-0.05075,-688.6635338,18.29,3.9,11.75,30.67,295.75896,276.9015,0.775266,1.107370425,-0.735883,-0.087022,0.822905,-14.748856,2.972078455,-0.2191,-0.02569,-0.122395,0.19341,0.038727408,6.302786716,3.80734173,1.09477405,-4.90211578,-688.9305442,-9.03,-688.9606121,2.110124468,-0.11781,-0.11468,-0.116245,0.00313,2.158610228,6.157093805,4.597878393,-0.538388779,-4.059489614,-688.8202787,,,,,,310.129,7.348,130.764,0.026,-0.02,168.569,-3.615176281,-11.60095696,3.000470309,0.2670104,0.0195179,-0.0300679,8.9999321,0.18419,0.03229,1.527443294,6.11E-05,-0.1608,1.982257024,179.9893904
C14,IZLD,C1CCC(N2CCN(C3CCCCC3)C2)CC1,-1.97135247,52.07559275,273.4306025,0.190452686,12.74539412,13.28612683,61.65095928,75.06586918,0.540732706,13.4149099,0,13.28612683,0,75.06586918,52.07559275,0,272.6222056,0.808396969,3.303289,7.495070773,4.38,3.303289,7.106005804,4.38,485.6606577,770.0724083,19.43045399,20.07813579,0.153325367,0.151926886,0.149038474,0.143584986,0.134708742,0.118909975,0.093015737,0.061014422,0.037367753,0.300376192,0.298366707,0.2962631,0.294184395,0.291880788,0.289909849,0.288138585,0.286518567,0.2851418,0.283873726,0.283001521,0.28225644,0.281492481,0.280879459,0.280186522,0.279567558,0.278927048,0.277009722,0.275478061,0.273238402,0.272108825,0.275212188,0.273911819,0.271569421,0.270654403,0.270071226,0.272690235,0.269910224,0.269311915,0.268969222,0.268665122,0.267293694,0.267768834,0.267869129,0.267798338,0.267979733,0.26821683,0.268132662,0.267948055,0.268128108,0.268150041,0.268053168,0.267824656,0.268101699,0.268135537,0.268980476,0.267608494,0.268124033,0.268160131,0.269182629,0.269930486,0.268612446,0.268414562,0.269654032,0.270438534,0.270628974,0.268226823,0.270135458,0.270986919,0.271071716,0.27138552,0.271948682,0.272265209,0.271928324,0.272081316,0.271730259,0.2725663,0.271918878,0.272121353,0.271681995,0.271465306,17.35707136,23.21427073,38.39988015,17.2441561,16.28728956,360.3944153,357.7139293,39.6006321,9.445218303,378.0975493,6255.391586,5.421065607,-602.163,-138.391,-257.32,-332.625,277.991,232.595,241.603,250.73,-324.172,94.203,-15.716,-81.895,-1809.782,-949.785,-1285.213,-1348.26,2995.058,2992.306,3009.212,2998.859,1185.277,2042.521,1723.999,1650.599,0.16844,44.88,1.88548,-0.21424,-0.30996,-0.56407,0.05199,0.376036667,1.93304,1.964586667,0.28701,0.10785,0.26623,0.11048,0.07072,0.14432,-696.103345,-0.39634,0.73763,0.96436,-695.9129273,17.56,3.57,11.63,32.1,344.94108,308.90641,0.769994,1.082033945,-0.735839,-0.055525,0.791363,-14.776756,2.43970767,-0.20366,0.03535,-0.084155,0.23901,0.014815414,4.782997788,3.757078994,-0.955608299,-2.801470695,-696.1782139,-9.95,-696.2059604,0.988141736,-0.07584,-0.08211,-0.078975,-0.00627,-0.497372458,3.791266079,2.157250857,0.844016191,-3.001267047,-696.0499707,-0.138936,1.34001,0,0,1.34,247.028,10.955,166.73,-0.001,-0.017,165.434,-3.902406452,-11.9767906,3.489667339,0.2652866,0.0748689,-0.0277465,9.9222535,0.09772,0.56919,1.536907868,1.54E-05,-0.150042,1.985347857,179.9954964
C15,AIZL,CN1CN(C)c2ccccc21,2.954600243,47.45583189,171.8350566,0.27617084,9.27822019,14.4491728,26.36916436,57.21770491,5.170952612,30.84854055,0,14.16364083,0,56.98971737,46.88476795,0.571063941,166.7200562,0.45597508,2,4.227029729,4.38,2,4.227029729,4.38,331.3327093,484.0942026,30.08070283,31.08339293,0.232387803,0.230991212,0.228290791,0.224956833,0.220507431,0.213628951,0.204649778,0.194335832,0.183091285,0.284024881,0.280255529,0.276521419,0.272506405,0.268310522,0.264134132,0.259969194,0.255570962,0.251214913,0.246999061,0.24262926,0.238152972,0.233732006,0.229224791,0.224595501,0.219960273,0.243790996,0.241397727,0.237707383,0.233826802,0.230304196,0.239153987,0.234944713,0.230903427,0.227427273,0.224134614,0.230990467,0.227145485,0.223973189,0.220915095,0.217186585,0.223526611,0.220767978,0.217936379,0.214214004,0.210805494,0.218166937,0.215376218,0.211451158,0.208054209,0.205149166,0.212740497,0.208367839,0.205044077,0.20232221,0.198983277,0.204231482,0.201502188,0.199211451,0.195984196,0.192437379,0.198916506,0.196896072,0.193514397,0.189856854,0.186528736,0.194979228,0.19101752,0.187136186,0.183808919,0.180243992,0.187253856,0.183503817,0.180445498,0.176998124,0.173214996,0.179936669,0.177286307,0.173902291,0.170112848,0.166474,16.99620142,18.93503241,35.17040763,14.07600447,17.68619787,216.9478961,199.2389181,42.13579241,8.979697285,334.8887299,3687.290141,5.900638017,-577.38,-148.328,-249.148,-324.952,278.94,238.051,246.279,254.423,-298.439,89.723,-2.869,-70.528,-1779.418,-891.104,-1422.098,-1364.207,2995.343,2994.221,3010.477,3000.014,1215.925,2103.117,1588.379,1635.807,0.11418,49.62,1.92512,-0.24388,-0.70139,-0.7014,0.48042,0.48043,1.97829,1.978295,0.01473,0.014725,0.7243,0.09361,-0.09529,0.29211,-458.0509868,-0.41091,0.66308,1.06085,-457.8006795,16.82,4.19,10.32,31.25,199.25238,196.05537,0.841475,0.981238812,-0.61408,-0.138599,0.752679,-14.758827,1.653364091,-0.22559,-0.02144,-0.123515,0.20415,0.037364573,9.50179305,7.360268838,-1.556018669,-5.804250168,-458.0872925,-6.26,-458.1099114,2.354869035,-0.1015,-0.12019,-0.110845,-0.01869,-0.328694864,10.61986361,8.624477412,-3.534714722,-5.08976269,-457.9629999,-0.127135,1.34501,0,0,1.345,137.272,-0.01,71.468,0,0.004,152.762,-3.69311278,-11.56054977,3.38216628,0.286613,0.0363057,-0.0226189,6.2373811,0.20947,0.5489,1.415580001,0,-0.204822,1.976767158,179.9947931
C16,AIZL,Cc1cc(C)c(N2CN(c3c(C)cc(C)cc3C)c3ccccc32)c(C)c1,16.96080995,64.23318845,413.62644,0.155292753,16.00757074,16.10588577,103.3763744,103.4404028,0.098315038,0.064028389,0,16.10588577,3.465663579,99.96051066,64.23318845,0,399.7343123,13.8921277,4.49262,8.241694183,4.38,4.49262,6.820629045,4.38,614.7541584,1047.222969,11.27026333,11.64593877,0.174660948,0.173504785,0.170964122,0.162873076,0.14632041,0.118740254,0.08393407,0.058028617,0.040936487,0.338591329,0.34300836,0.347168597,0.351122188,0.354686069,0.358058843,0.361190741,0.364226851,0.367112135,0.369895051,0.372311619,0.374633041,0.376501712,0.378085766,0.379297437,0.38012602,0.385738509,0.387318778,0.388979766,0.3900045,0.391168945,0.388800312,0.390451675,0.391256091,0.392327333,0.393308814,0.392002986,0.392374643,0.39336621,0.394275246,0.395480127,0.392724443,0.393988877,0.394947025,0.396228908,0.397459678,0.395181077,0.395964902,0.397268607,0.3984838,0.399761343,0.396705193,0.398227024,0.399466881,0.400755999,0.401238853,0.399666614,0.400737809,0.401965515,0.402227192,0.402801194,0.401752638,0.403025832,0.402994004,0.403487034,0.403032908,0.404233748,0.403567768,0.404007883,0.403314,0.402528434,0.402935081,0.403903278,0.40303706,0.402152788,0.400860946,0.404824255,0.40308438,0.401916643,0.400402627,0.398563685,20.45228996,28.6249033,47.33026869,20.04972358,13.88916104,486.8095221,486.0865079,49.44224334,9.426352951,397.5758916,9956.369503,7.677786988,-609.904,-119.627,-248.689,-326.074,277.11,236.436,242.238,251.928,-332.795,116.808,-6.452,-74.146,-1846.58,-1084.237,-1370.459,-1433.759,2993.739,2992.613,3008.531,2998.295,1147.159,1908.376,1638.072,1564.536,0.14621,49.35,1.91656,-0.24029,-0.69773,-0.69774,0.47921,0.479225,1.97249,1.97249,0.01859,0.01859,0.7195,0.0626,0.06833,0.11712,-1076.945983,-0.36482,0.69104,1.05143,-1076.696714,19.74,5.07,11.64,41.3,485.79567,419.98607,0.711571,1.005791886,-0.62926,-0.142352,0.771612,-14.758676,1.155450137,-0.22348,-0.02142,-0.12245,0.20206,0.037102847,12.42826537,9.376499261,-1.327916863,-8.048582398,-1076.968419,-11.27,-1077.003228,2.155364877,-0.10307,-0.11467,-0.10887,-0.0116,-0.510891246,16.35793208,11.38974518,0.346339996,-11.73608517,-1076.848837,-0.130936,1.36,0,0,1.36,404.024,0.062,274.517,-0.002,0.17,267.457,-3.886809084,-11.97290662,3.25399822,0.2717054,0.0224366,-0.0348083,11.2351917,0.07788,0.54483,1.41423,1.41E-05,-0.146443,1.965671584,179.9833457
C17,AIZL,CC(C)c1cccc(C(C)C)c1N1CN(c2c(C(C)C)cccc2C(C)C)c2ccccc21,54.03648085,83.03855414,519.1513314,0.159950575,20.73924339,20.77898777,128.9120621,128.9823068,0.039744377,0.067736548,1.697503254,19.05952052,6.001444043,122.9783546,76.1993836,6.839170536,491.6964207,24.0968506,5.54784,7.225918722,4.38,5.54784,6.793318982,4.38,690.2636577,1269.447997,3.400079442,3.513415424,0.313552839,0.313227065,0.313117294,0.306649145,0.291499785,0.264921242,0.225850609,0.180237712,0.12997612,0.427042983,0.435915588,0.443747319,0.451053965,0.45751501,0.463258246,0.468455845,0.473113838,0.477301987,0.481080673,0.484160667,0.486836235,0.488865923,0.490369046,0.491245531,0.491498242,0.521748745,0.521940293,0.523594698,0.524383079,0.524852711,0.522119873,0.524432976,0.525155961,0.52551483,0.525936235,0.526605935,0.526538831,0.526514809,0.526754302,0.526917703,0.526475673,0.526473186,0.526798166,0.52698484,0.527118474,0.526470841,0.526945858,0.527135899,0.527257497,0.527357208,0.527394492,0.527441237,0.527491651,0.527549693,0.526583922,0.527485457,0.527536364,0.527596034,0.526407217,0.525352091,0.527584592,0.527647035,0.526084319,0.524885314,0.522912875,0.527706275,0.525390887,0.524074705,0.521887169,0.519474614,0.523191242,0.522392806,0.520135015,0.517661349,0.514557699,0.52163331,0.518716874,0.515992075,0.512649957,0.508810861,21.8238173,34.37283799,54.58422772,24.13178505,12.98986284,608.3215697,627.4979573,56.31983058,10.38424857,446.498451,13275.8988,8.507524925,-597.955,-120.137,-252.201,-323.431,275.775,235.628,241.677,251.027,-322.18,115.49,-10.523,-72.404,-1875.344,-1085.871,-1681.66,-1547.625,2993.063,2993.228,3009.018,2998.436,1117.719,1907.357,1327.358,1450.811,0.14836,49.2,1.91549,-0.24341,-0.70201,-0.70201,0.4764,0.4764,1.97143,1.97143,0.01885,0.01885,0.71981,0.05955,-0.00342,0.22483,-1312.625161,-0.36223,0.70134,1.05393,-1312.370971,20.54,5.4,13.27,38.8,626.00492,500.68253,0.706817,0.995392601,-0.621583,-0.142672,0.764255,-14.755315,1.548698251,-0.22784,-0.02477,-0.126305,0.20307,0.039279443,8.362758792,5.940259213,-0.054163614,-5.886095599,-1312.644319,-12.12,-1312.680833,1.493878998,-0.10647,-0.11827,-0.11237,-0.0118,-0.535043089,12.73995761,7.638757057,2.295382544,-9.934139601,-1312.524351,-0.12533,1.34501,0,0,1.345,422.779,-0.028,385.137,0.009,-0.006,328.003,-3.964954021,-11.93538411,3.264488186,0.2733481,0.0191575,-0.0365143,12.0834857,0.15178,0.55298,1.413940009,1.41E-05,-0.117578,1.969588075,179.987269
C18,AIZL,c1ccc2c(c1)N(C1CCCCC1)CN2C1CCCCC1,3.921163793,60.44910541,323.6588868,0.186767946,12.55713128,17.66846733,79.24172465,80.17483292,5.106106523,0.909732298,0,16.60478229,0,80.17483292,58.32173534,2.127370067,304.0171283,14.72806427,3.267821187,7.502109217,4.38,3.267821187,7.119609151,4.38,536.9117857,870.0430405,13.57031707,14.02266097,0.17558578,0.174351443,0.171204357,0.164553183,0.153329985,0.134774775,0.108287333,0.077396635,0.048865633,0.341179976,0.340471615,0.339507875,0.338521943,0.337704793,0.33653443,0.335272976,0.334267564,0.33318978,0.332207283,0.331202284,0.330209383,0.329115829,0.327891466,0.326503668,0.325036905,0.333618968,0.331680773,0.330491629,0.330078822,0.328633343,0.329863675,0.329071454,0.329040186,0.32756984,0.326089895,0.32832723,0.328665105,0.326894194,0.325280956,0.324666527,0.32898311,0.326239641,0.324380346,0.323878217,0.323069795,0.323652897,0.322272415,0.322363707,0.321790881,0.321411672,0.320968607,0.321771821,0.321236638,0.320924965,0.320380237,0.322531628,0.321359986,0.320911934,0.320251972,0.319598692,0.320249994,0.320164887,0.319569288,0.318956972,0.317980741,0.320084143,0.319254663,0.31856867,0.317482511,0.31609,0.318466649,0.317866805,0.31669915,0.315210172,0.313422951,0.317296215,0.315879001,0.314227161,0.312308452,0.31049002,18.6344425,25.19071627,39.90273461,18.98830773,15.28806934,400.164861,402.8643961,47.1870078,9.557719127,385.1174171,7456.849094,6.341911047,-579.045,-124.951,-249.169,-317.722,278.806,234.994,243.731,252.51,-300.24,110.044,-5.438,-65.211,-1752.175,-1047.379,-1510.616,-1436.724,2995.407,2992.662,3009.654,2999.241,1243.232,1945.283,1499.038,1562.518,0.11728,48.44,1.91383,-0.23507,-0.69182,-0.69332,0.49081,0.49188,1.97526,1.976465,0.01738,0.015525,0.72588,0.08616,-0.07192,0.26498,-848.4767205,-0.3891,0.65648,1.03946,-848.2401731,18.63,4.34,11.77,35.75,394.47657,346.85402,0.749926,0.985547507,-0.617112,-0.138692,0.755805,-14.764658,0.949834271,-0.21878,-0.0176,-0.11819,0.20118,0.034717358,10.13830289,8.047276729,-2.343282534,-5.703994194,-848.511299,-11.35,-848.5424988,2.708462291,-0.09451,-0.11346,-0.103985,-0.01895,-0.28530027,13.12919263,10.5551263,-3.655887887,-6.899238418,-848.3881298,-0.129111,1.3351,0.015,0,1.335,281.361,0.01,177.316,-7.717,0.009,250.133,-3.8426629,-11.91792304,3.351597078,0.2711259,0.0345785,-0.0311998,11.3188002,0.1892,0.5392,1.418638428,0.009093472,-0.139159,1.984324,179.5477405
C32,CAAC,CC1(C)C=CN(c2ccccc2)C1,-54.15205554,47.65246196,208.561145,0.228481973,9.151665727,16.67067429,36.18838154,70.81993549,7.519008561,34.55650167,0,15.52854641,0,69.45682389,46.3565861,1.295875867,201.9362604,6.624884623,3.138722398,7.353045986,4.38,3.138722398,6.901635982,4.38,386.4928192,580.1697597,29.46068834,30.44271129,0.124485207,0.122858032,0.11947803,0.11359511,0.105759549,0.095335365,0.079816967,0.058253091,0.033868924,0.286203814,0.282227616,0.278206778,0.27391262,0.269633408,0.265438641,0.261290219,0.257100149,0.253028215,0.249119836,0.245402986,0.241804576,0.238501365,0.235268658,0.23209643,0.229178426,0.243762066,0.240772664,0.236779102,0.233271171,0.230121497,0.237970037,0.233608023,0.230193268,0.227211774,0.224305577,0.229510289,0.226651126,0.224042945,0.221376494,0.218429643,0.223960098,0.221545681,0.218971793,0.216043494,0.213391413,0.219269192,0.216687295,0.213694811,0.211105649,0.208836778,0.214248799,0.211135526,0.208675707,0.206571261,0.204738903,0.208190496,0.206110973,0.204278853,0.202665741,0.200972681,0.204140873,0.202474694,0.201011254,0.199393438,0.198301482,0.200893942,0.199564731,0.197967755,0.197019405,0.19571102,0.198301966,0.196612541,0.195852768,0.194569329,0.193054811,0.195005511,0.194716299,0.193442581,0.191895355,0.190897436,17.5980156,20.16433428,39.26884714,14.33787895,18.78534011,264.1456564,245.3287437,41.30467826,9.125954805,378.7938775,4648.439381,6.007502044,-931.941,-115.375,-329.841,-459.052,271.088,235.524,244.014,250.208,-660.853,120.149,-85.827,-208.844,-2293.592,-899.479,-2477.652,-1890.241,2993.982,2993.402,3008.648,2998.677,700.39,2093.922,530.996,1108.436,0.1277,48.69,1.90553,-0.23845,-0.34743,-0.529173333,0.03562,0.313546667,1.8849,1.94134,0.10193,0.047283333,0.27407,0.06093,-0.19497,0.55514,-519.3330456,-0.41059,0.63011,1.0688,-519.0749829,17.3,3.83,11.74,31.1,244.30759,233.45678,0.809535,1.222847313,-0.881343,0.034342,0.847001,-14.77257,2.332148724,-0.21128,-0.04002,-0.12565,0.17126,0.046093433,8.428371403,5.741610995,0.414639623,-6.156250618,-519.3432317,-4.98,-519.3640727,0.846044181,-0.14071,-0.09858,-0.119645,0.04213,0.169889936,6.185881129,2.906504803,2.124000042,-5.030504845,-519.2741586,-0.130803,1.35024,0.015,0.02,1.35,205.618,6.15,114.779,15.265,-16.918,129.042,-4.732928704,-11.80614792,1.879570543,0.2682488,0.0101861,-0.020841,4.959159,0.32267,0.50241,1.490930767,0.545844663,-0.173856,1.960868872,178.5573756
C33,CAAC,CC1(C)CN(c2ccccc2)c2ccccc21,-55.36839988,58.44933571,260.9699712,0.223969583,10.53016806,21.45568808,35.1150925,96.49141594,10.92552002,61.27114907,0,16.85789122,0,82.25040184,52.7836702,5.665665513,227.9674677,33.00250349,3.187771809,7.088043219,4.38,3.187771809,6.731019007,4.38,442.9033239,692.7470699,15.29035726,15.80003583,0.160874571,0.15945575,0.156121971,0.149341276,0.137757575,0.120052242,0.096182537,0.073118703,0.055312529,0.331933477,0.330847155,0.32957958,0.328497438,0.326949985,0.325498509,0.323902533,0.322176658,0.320496664,0.318455774,0.316367699,0.314153116,0.311754161,0.309102855,0.306229398,0.30327642,0.320338123,0.318560987,0.318116655,0.316014167,0.314553996,0.316894886,0.31710785,0.31474557,0.313320161,0.311635279,0.317307912,0.313766606,0.312267232,0.310507842,0.308613396,0.31043355,0.309964852,0.308497448,0.306741086,0.305311882,0.309522929,0.307610769,0.305645613,0.304204183,0.301775461,0.305804813,0.303865477,0.302621017,0.300093011,0.297835937,0.302030944,0.301155835,0.298387544,0.296098718,0.293723346,0.300326775,0.296707107,0.294322206,0.291905661,0.289226712,0.293273022,0.291546869,0.28937675,0.28678962,0.283724285,0.289907005,0.287572259,0.284837444,0.281620895,0.278189328,0.285351379,0.282485083,0.279119619,0.275600089,0.27238824,18.78374564,23.32561977,44.15495863,16.97425265,14.68853721,311.3299041,302.2321303,45.8664593,9.264086194,342.619234,5847.94173,6.587179844,-936.274,-133.354,-320.61,-463.413,274.312,237.276,244.427,252.005,-661.962,103.922,-76.183,-211.408,-2254.801,-956.9,-2565.05,-1925.584,2994.207,2993.451,3008.665,2998.774,739.406,2036.55,443.615,1073.191,0.14127,48.51,1.91034,-0.24034,-0.34923,-0.530176667,0.03255,0.309616667,1.88936,1.941406667,0.09029,0.04272,0.27289,0.05493,-0.17428,0.53122,-672.8745563,-0.40367,0.64142,1.04911,-672.6179982,18.43,4.36,12.11,34.33,302.66592,276.73215,0.787771,1.260445523,-0.909154,0.036916,0.872238,-14.768835,2.17692869,-0.21225,-0.03857,-0.12541,0.17368,0.045277718,9.727713163,7.211595418,-0.723286592,-6.488308826,-672.8824519,-6.5,-672.9068819,0.697558327,-0.14097,-0.09705,-0.11901,0.04392,0.161240666,8.193059551,5.861219784,-0.138175581,-5.723044202,-672.8126237,-0.130307,1.35038,0.03,0.01,1.35,237.609,4.762,139.622,19.319,-13.405,202.752,-3.927332406,-11.89146813,1.900117814,0.2644537,0.0078956,-0.02443,6.47557,0.31555,0.50015,1.405134777,0.198334774,-0.179705,1.95908972,178.6812975
C40,IZLD,Cc1ccccc1N1CCN(c2ccccc2C)C1,-8.366817597,62.91744039,293.2948401,0.214519425,13.72122316,19.2132685,57.64858533,88.96386626,5.492045341,31.31528092,0.005229523,18.6055979,1.304117716,87.3090355,61.43853121,1.478909181,283.8009043,9.493935831,3.211815139,7.259832554,4.38,3.211815139,6.821788165,4.38,487.1835988,775.7562382,13.5203159,13.9709931,0.182722551,0.181490935,0.178530301,0.171493003,0.159121679,0.137946133,0.105290528,0.066848308,0.032266367,0.351264526,0.351343379,0.35122878,0.351073457,0.350711051,0.350453084,0.350028881,0.349765951,0.349536701,0.349173484,0.348806716,0.348341488,0.347775191,0.347003911,0.346026394,0.344857155,0.352106199,0.351061451,0.35049621,0.349496501,0.349072994,0.350081978,0.349765087,0.348730847,0.348425969,0.347706899,0.349467397,0.348115437,0.347938194,0.347197782,0.347085829,0.346842982,0.347239716,0.346526786,0.346572973,0.34662007,0.347613786,0.346381978,0.346492867,0.34657186,0.346154123,0.345218586,0.345978236,0.346261722,0.34583714,0.34546527,0.346696834,0.346741774,0.346021833,0.345519047,0.34480558,0.346784349,0.345710503,0.345166338,0.344391777,0.343472314,0.344691714,0.344418487,0.343673274,0.342745134,0.341362374,0.344158918,0.343201601,0.342159012,0.340628989,0.338808831,0.342290972,0.341231023,0.339563431,0.33762663,0.335538376,19.05129245,25.33197806,41.4709201,18.58303632,15.18814732,355.6257973,345.3181539,44.14094847,9.350234131,384.7458146,6775.131069,6.52097006,-647.139,-118.937,-256.88,-340.985,277.724,235.841,242.395,251.987,-369.415,116.904,-14.485,-88.998,-1930.078,-1063.451,-1503.549,-1499.026,2994.336,2993.48,3008.75,2998.855,1064.257,1930.029,1505.2,1499.829,0.1979,46.14,1.88368,-0.22665,-0.70306,-0.704995,0.51504,0.518115,1.97774,1.97787,0.01842,0.01831,0.74169,0.07454,0.13532,0.09779,-767.4623386,-0.37972,0.76514,0.96689,-767.2204675,18.67,4.2,12.03,34.58,342.31057,312.21628,0.757953,1.112794317,-0.748481,-0.071839,0.820321,-14.762058,2.806877413,-0.21489,-0.01446,-0.114675,0.20043,0.032805358,6.094780957,3.893263925,0.737590357,-4.630854282,-767.4928168,-9.43,-767.5240168,1.74320802,-0.09677,-0.09789,-0.09733,-0.00112,-4.229075402,3.256378142,2.461201736,-0.359472971,-2.101728765,-767.3723373,-0.132844,1.35017,0.005,0.02,1.35,294.438,-1.423,198.694,-0.444,7.837,159.893,-3.796119154,-11.83724979,3.278406779,0.2723493,0.0304782,-0.0312,9.3988,0.06258,0.56724,1.536245991,0.000860298,-0.146067,1.976336072,179.0322315
C48,IZLD,Cc1cc(C)c(N2CN(c3c(C)cc(C)cc3C)C(=O)C2=O)c(C)c1,-37.79099408,65.91709494,379.9575671,0.173485412,15.11645997,17.92680578,94.57023266,95.35666469,2.810345807,0.786432035,0,17.8640515,4.853903287,89.73871165,65.83446848,0.082626468,358.51534,21.44222714,4.481052289,8.199198168,4.38,4.481052289,6.780179895,4.38,578.3806253,968.7344985,10.89025445,11.25326293,0.163687338,0.16244473,0.159437896,0.150589267,0.132584996,0.102529463,0.064438217,0.035355715,0.021793327,0.348163737,0.352354706,0.356315499,0.36008855,0.363628269,0.367038996,0.370234683,0.373342971,0.376174113,0.378910441,0.381323319,0.383533602,0.385307968,0.386767014,0.387863294,0.388578934,0.392897943,0.394473889,0.396115176,0.397563768,0.399141798,0.39595137,0.397576174,0.398932665,0.4004737,0.401818577,0.399102536,0.400290577,0.401805744,0.403076258,0.40453985,0.401408754,0.403040461,0.404251062,0.405710742,0.406703128,0.404578954,0.405552756,0.406987048,0.407848179,0.408920459,0.406472471,0.408092641,0.40882129,0.409863265,0.41031458,0.409625255,0.409902215,0.41087571,0.411152162,0.411401304,0.410164601,0.411452455,0.411609422,0.4117899,0.411169415,0.412674279,0.412277224,0.412277987,0.411390029,0.410361641,0.411900017,0.412094451,0.411003336,0.409852214,0.40839584,0.412279401,0.410587262,0.409234057,0.407621527,0.405698171,19.70700562,28.36761171,44.32654454,19.99682758,13.38955093,442.9777364,438.1099629,46.23746946,9.342590755,379.8295817,8729.76474,7.221698115,-757.546,-107.161,-294.759,-386.489,270.825,229.228,239.488,246.514,-486.72,122.066,-55.271,-139.975,-2071.368,-1181.6,-3552.147,-2268.372,2993.745,2992.415,3006.902,2997.687,922.377,1810.815,-545.245,729.316,0.25883,50.25,1.93058,-0.27842,-0.35941,-0.61155,-0.01324,0.29202,1.82737,1.92431,0.24142,0.093293333,0.26518,0.00773,0.01803,0.31723,-1072.649953,-0.38153,0.49473,0.34487,-1072.308036,19.18,4.94,11.5,38.49,439.05435,388.742,0.718624,1.238384598,-0.853226,-0.043283,0.896509,-14.712516,3.197061111,-0.24159,-0.10515,-0.17337,0.13644,0.110147892,24.40045425,12.24322452,7.48973131,-19.73295583,-1072.545343,-8.58,-1072.577222,5.953490966,-0.18342,-0.15132,-0.16737,0.0321,0.436335154,27.45284272,14.02927839,8.125169172,-22.15444756,-1072.486775,-0.103034,1.37002,0,-0.005,1.37,358.5,-3.277,257.574,-0.137,3.387,198.08,-3.712206259,-10.90510213,1.593701973,0.2933621,-0.0485552,-0.031879,8.548121,0.2408,0.2359,1.546397678,0.004051562,-0.107493,1.948869823,179.7145655
C49,IZLD,CC(C)(C)N1CN(C(C)(C)C)C(=O)C1=O,-16.95079866,74.49978854,241.4976487,0.308490741,18.62024056,18.63069961,60.36032582,60.39310863,0.010459047,0.032782811,1.433935281,17.1904889,2.004873769,58.38311254,68.74626703,5.753521504,233.4627867,8.03486202,3.27007,5.674079114,4.38,3.27007,5.674079114,4.38,421.6989598,663.3064998,4.220098602,4.360768555,0.265971769,0.26508126,0.263230752,0.256625056,0.243808129,0.22447298,0.198153856,0.164183242,0.124348884,0.423430051,0.422886327,0.421707422,0.420012809,0.417612191,0.414892378,0.411603628,0.40793899,0.403967506,0.399623625,0.394951431,0.389940999,0.38454875,0.378892238,0.372687335,0.366273011,0.417626369,0.413643798,0.409688816,0.404845431,0.400371612,0.409910054,0.406084243,0.401095657,0.396690931,0.391673425,0.402490226,0.397080899,0.39279726,0.387764263,0.38271316,0.391989674,0.388369903,0.383410632,0.37845429,0.373514901,0.384956918,0.379481682,0.374438638,0.369519233,0.36429899,0.374310547,0.369609533,0.364924086,0.359812888,0.354479567,0.365162565,0.360604441,0.355484083,0.350156405,0.344547258,0.356286162,0.351020099,0.345662539,0.340036672,0.333992497,0.346024029,0.340752256,0.335156851,0.329097776,0.323039586,0.335744016,0.330123906,0.324001219,0.317976587,0.310911428,0.324777892,0.318552365,0.312613245,0.305424204,0.298607801,17.14461221,25.92014455,37.08203942,20.31604287,12.39033071,301.9212256,294.1258112,40.32793908,9.963955823,321.159163,5176.322332,5.842878023,-770.001,-88.737,-295.51,-384.749,268.986,223.928,240.668,244.527,-501.015,135.191,-54.842,-140.222,-2054.95,-1226.666,-3788.591,-2356.736,2994.732,2992.511,3008.397,2998.547,939.783,1765.845,-780.194,641.811,0.2407,48.71,1.92095,-0.27496,-0.35211,-0.60501,-0.01127,0.291273333,1.81927,1.92322,0.24561,0.09203,0.26369,0.02461,-0.00791,0.33782,-689.4444788,-0.45875,0.7027,0.71382,-689.1060128,17.05,4.09,12.19,32.85,287.45045,262.14344,0.803502,1.244829958,-0.853365,-0.051467,0.904832,-14.710834,3.250550731,-0.239,-0.09938,-0.16919,0.13962,0.102511302,16.35683357,9.427402793,3.478737781,-12.90614057,-689.3747266,-4.31,-689.3934387,6.036135513,-0.17757,-0.14727,-0.16242,0.0303,0.435317762,19.66607807,11.32456106,4.196373045,-15.52093411,-689.3142184,-0.0952253,1.34501,0,0,1.345,182.27,-0.007,121.332,-0.001,0.006,151.413,-3.458880093,-10.72675166,1.646508269,0.3013263,-0.0371397,-0.0187121,4.2912879,0.24861,0.462,1.538570047,4.62E-05,-0.087623,1.976886348,179.9986507
C50,CAAC,CCN1CC(C)(C)c2ccccc21,-45.77340312,53.37146861,210.5054173,0.253539644,10.90146421,16.8317436,34.5865912,78.07258542,5.930279391,43.48599422,0,15.99292807,0,76.23123047,52.13939293,1.232075683,204.1555335,2.181685241,2.672927816,5.412102713,4.38,2.672927816,5.412102713,4.38,381.8722199,584.7859765,16.29038062,16.83339331,0.221728548,0.220498361,0.218386384,0.21552725,0.209933481,0.200138729,0.185742392,0.165612443,0.137465375,0.303923942,0.302976672,0.301855427,0.300762976,0.29906126,0.297329249,0.295369459,0.29328436,0.291048633,0.288500872,0.285887748,0.283080299,0.28005766,0.276756801,0.273158573,0.269562457,0.293812826,0.292172709,0.29121323,0.288390549,0.286113078,0.290635065,0.29003271,0.286799718,0.284470614,0.281931779,0.28946685,0.285052804,0.282654885,0.280066162,0.277580881,0.280898331,0.279543453,0.277286912,0.275021311,0.272611645,0.278265974,0.275632989,0.273277728,0.270819426,0.267763151,0.273146241,0.270987547,0.268602903,0.265482344,0.262666239,0.268945509,0.266512061,0.263194008,0.260381593,0.257328535,0.264206658,0.260541256,0.257816974,0.254786765,0.251469138,0.257063781,0.254863635,0.251957914,0.248672532,0.244923173,0.252773473,0.24959322,0.246145896,0.242248847,0.23797242,0.246568069,0.243070589,0.239071845,0.234701852,0.231043798,17.49203785,21.64820314,41.62519707,15.75712436,14.38877115,267.859878,254.5668395,46.24244596,8.663043414,311.4910407,4685.415124,6.26235989,-879.673,-136.741,-332.087,-449.5,274.168,238.368,244.908,252.481,-605.505,101.628,-87.18,-197.019,-2179.837,-886.544,-2414.414,-1826.932,2993.469,2993.306,3009.02,2998.598,813.632,2106.762,594.606,1171.667,0.1204,47.78,1.91128,-0.23586,-0.34443,-0.528176667,0.03782,0.319513333,1.89511,1.944723333,0.08605,0.04082,0.27368,0.07192,-0.23235,0.57752,-520.5616795,-0.41424,0.63675,1.04578,-520.3154293,17.22,4.09,11.05,33.62,252.12782,235.29715,0.820253,1.23518465,-0.895741,0.046527,0.849214,-14.77432,2.276929745,-0.20928,-0.0315,-0.12039,0.17778,0.040763168,7.337370254,5.50314918,-0.700961767,-4.802187413,-520.5816602,-4.86,-520.601932,1.222635385,-0.13366,-0.09426,-0.11396,0.0394,0.164808142,6.59007504,5.061334835,-0.948987367,-4.112347468,-520.507526,-0.131195,1.34502,0.005,0,1.345,166.892,-5.261,104.936,-3.814,-2.346,172.188,-3.948398733,-11.81736274,2.017290676,0.2662309,0.0199807,-0.0202718,4.8397282,0.35275,0.51635,1.406131002,0.190783854,-0.17428,1.962005772,179.0457564
C51,CAAC,CC1(C)CNc2ccccc21,-63.79185523,45.29813059,173.6933077,0.260793759,10.88472974,11.76224374,35.2037734,51.68482338,0.877514005,16.47094325,0,11.74864698,0,51.67067395,45.27093706,0.027193521,173.6650088,0.028298853,2.418013994,4.305220335,4.38,2.418013994,4.305220335,4.38,331.5021976,490.2928828,27.1306339,28.03498837,0.220933551,0.2194957,0.216707439,0.212970696,0.20917319,0.203954245,0.196325611,0.18634753,0.174392207,0.269349672,0.266021103,0.26273212,0.259474549,0.255978427,0.252498369,0.248882209,0.24504858,0.241400413,0.237501677,0.233652473,0.229640956,0.225598009,0.221449656,0.217111983,0.212915726,0.233820684,0.231755366,0.229640339,0.226636454,0.223837886,0.229819088,0.227741976,0.224528688,0.221708415,0.218607393,0.22579071,0.22211903,0.21931943,0.21620408,0.212649685,0.218663268,0.216363609,0.213369857,0.209819846,0.20709726,0.214195323,0.210945631,0.207196197,0.204595799,0.201218379,0.207876429,0.203982789,0.201738426,0.19840029,0.195403111,0.200299564,0.19891372,0.195570843,0.192683922,0.189321174,0.197600798,0.193389825,0.19040328,0.186919125,0.183557055,0.189394752,0.187076557,0.183711354,0.180473659,0.177011339,0.184874248,0.181079186,0.177787485,0.174283528,0.170350095,0.177469212,0.174499109,0.171086575,0.167140712,0.163988469,17.17564494,18.60035818,40.14480375,13.61494973,16.28728956,221.4550238,206.1599637,44.79488623,9.175540364,302.9494197,3803.63286,5.966950428,-910.416,-120.553,-343.405,-458.125,273.539,243.169,247.917,254.875,-636.877,122.616,-95.488,-203.25,-2259.121,-1065.673,-2378.554,-1901.116,2993.561,2993.943,3008.852,2998.785,734.439,1928.27,630.298,1097.669,0.11746,48.53,1.91444,-0.24342,-0.35435,-0.53598,0.02954,0.310876667,1.91474,1.952896667,0.07395,0.034986667,0.27296,0.07554,-0.24178,0.5597,-442.0012357,-0.42343,0.64062,1.0399,-441.7447237,16.86,3.82,9.86,31.07,205.24564,197.3395,0.85268,1.281822203,-0.933967,0.057944,0.876023,-14.767613,2.417492195,-0.21446,-0.03473,-0.124595,0.17973,0.043186764,7.144862498,5.168008421,-0.240225892,-4.927782528,-442.0213977,-3.65,-442.0412634,1.016558031,-0.13915,-0.09595,-0.11755,0.0432,0.159930584,6.645509184,5.002652591,-0.681574542,-4.321078049,-441.9477691,-0.128984,1.34516,0.02,0,1.345,132.788,-0.014,83.283,-13.315,0.023,150.551,-3.847618409,-11.56769242,2.003532657,0.276674,0.020162,-0.0198657,3.6301343,0.35924,0.52316,1.407262524,0.177835765,-0.1817,1.954514292,179.1373685
C52,OXZL,COc1cccc2c1N(C)CO2,-11.91509266,41.99516369,180.4235738,0.23275874,8.947714319,12.05091343,33.42987641,56.78191049,3.10319911,23.34799446,0,12.05091343,0,56.78191049,41.99516369,0,180.4235738,0,2,5.640889732,4.38,2,5.179839673,4.38,338.5917293,497.5838142,38.4208977,39.70159429,0.133560476,0.131737806,0.128039344,0.122360835,0.114481144,0.104656739,0.093565028,0.081853999,0.070729894,0.260065927,0.254786947,0.249670589,0.244340332,0.239098911,0.233955693,0.22872989,0.223497364,0.21835334,0.213456444,0.208502731,0.203601238,0.198727725,0.193855246,0.188950857,0.184154112,0.203718352,0.201010027,0.196830982,0.193088718,0.189547737,0.198470916,0.193703314,0.189970111,0.186524947,0.18270168,0.189224566,0.186098186,0.183006282,0.179321422,0.175544095,0.183155657,0.180166019,0.176393625,0.17259809,0.169032267,0.17734717,0.173296812,0.169465891,0.165977703,0.163101635,0.169471415,0.165847474,0.162593493,0.160008057,0.15684376,0.162419373,0.159428275,0.157182426,0.154090926,0.150944493,0.156594566,0.154767001,0.151596822,0.148433813,0.145190002,0.153033135,0.149286844,0.145983089,0.142686054,0.139288191,0.145727827,0.142717982,0.139570511,0.136260463,0.132749543,0.13985493,0.136713413,0.133402609,0.129881749,0.126704835,17.04743895,16.53951764,33.2026876,12.16683193,19.6846383,217.7739789,202.2433582,42.25628712,8.364212663,325.5744225,3712.488609,5.80900085,-604.985,-163.233,-257.995,-342.071,273.88,236.294,248.534,252.903,-331.105,73.061,-9.461,-89.168,-1911.292,-1066.35,-1478.393,-1485.345,2994.991,2994.491,3009.819,2999.767,1083.699,1928.141,1531.426,1514.422,0.24867,54.9,1.92818,-0.27043,-0.35016,-0.624366667,0.00629,0.291833333,1.88145,1.948646667,0.24585,0.093143333,0.27672,0.09445,0.01054,0.3411,-553.0605749,-0.39803,0.77761,1.07675,-552.7944372,17,4.36,9.35,30.32,202.89568,199.84587,0.835547,1.010857339,-0.59305,-0.200601,0.793652,-14.730005,5.574434197,-0.23879,-0.02002,-0.129405,0.21877,0.038272281,13.63995989,10.10325705,-0.993624024,-9.109633027,-553.0978953,-1.28,-553.1130405,3.217132062,-0.11704,-0.11754,-0.11729,-0.0005,-13.7569441,11.75795441,8.908656763,-1.355679979,-7.552976783,-552.9769291,,,,,,140.161,-0.003,71.292,-0.915,-0.006,147.351,-3.497788314,-11.1574119,3.291651183,0.3034581,0.0373204,-0.0151452,1.2648548,0.23813,0.52894,1.400495502,0.317352281,-0.176793,1.959005831,178.9841496
C53,OXZL,CN1COc2ccccc21,-19.16690682,41.83200256,151.8306506,0.275517508,8.95921927,11.95782791,32.36717991,41.51399403,2.998608644,9.146466287,0,11.95782791,0,41.51399403,41.83200256,0,147.7606233,0,2,4.220964597,4.38,2,4.220964597,4.38,299.7818248,427.4087557,38.64090284,39.92893293,0.196639073,0.194982575,0.191576017,0.186765288,0.18051279,0.172590977,0.163077166,0.152228801,0.141329795,0.259013707,0.253792476,0.248697677,0.24342838,0.238227587,0.232994782,0.227772548,0.222592636,0.217492021,0.212655915,0.207730743,0.202860124,0.198048777,0.193241829,0.188390826,0.183619529,0.203282537,0.200408357,0.196342803,0.192614354,0.188742122,0.197713754,0.193191355,0.189484437,0.185640449,0.181809924,0.188942954,0.185736169,0.182084277,0.178400816,0.17476429,0.182717963,0.178951509,0.175284104,0.171711001,0.168267045,0.17540022,0.171879615,0.168445477,0.165141644,0.162440126,0.168554546,0.165252447,0.162088099,0.159625695,0.156455208,0.162128794,0.159112243,0.156959661,0.153817547,0.150656482,0.156254419,0.154575513,0.151328594,0.148146364,0.144999061,0.152982685,0.149051857,0.145711466,0.142527873,0.139226951,0.145317527,0.142343927,0.139379891,0.136196846,0.132741075,0.13951535,0.136624728,0.133443644,0.129962074,0.126730399,16.76766621,16.28489317,32.76135839,12.01268092,19.6846383,186.5636037,169.1536958,41.43264758,8.728777558,320.5622319,3128.236234,5.543192267,-616.44,-259.054,-162.233,-345.909,273.982,247.674,236.302,252.653,-342.458,-11.379,74.069,-93.256,-1928.455,-1567.608,-1083.585,-1526.549,2994.984,3009.518,2994.533,2999.678,1066.529,1441.91,1910.947,1473.129,0.25649,54.96,1.93012,-0.27677,-0.35543,-0.629283333,-0.00025,0.28441,1.87319,1.945893333,0.246,0.09337,0.27652,0.086,0.02287,0.32873,-438.6266902,-0.43719,0.78793,1.07014,-438.3423768,16.63,4.01,9.24,29.78,169.9713,172.20009,0.861723,1.027941593,-0.609826,-0.194502,0.804329,-14.722979,3.948560672,-0.24433,-0.03387,-0.1391,0.21046,0.045967904,7.426251626,3.884324257,2.090036454,-5.974360711,-438.6529416,-1.93,-438.668021,2.321446334,-0.12636,-0.1249,-0.12563,0.00146,5.405101678,6.258274953,4.444953841,-0.039636635,-4.405317206,-438.5356432,-0.115482,1.36406,-0.105,0,1.36,111.179,0.001,59.263,8.404,-0.001,132.598,-3.470968588,-10.96904769,3.191844317,0.3105648,0.0262514,-0.0150794,1.9149206,0.23362,0.53144,1.404041967,0.226879141,-0.160651,1.95662728,178.8677673
C54,OXZL,Oc1cccc2c1NCO2,-23.71230263,35.94355936,142.8467466,0.251623227,8.949806128,9.02197355,32.54794552,36.83179425,0.071121517,4.279418773,0,9.02197355,0,36.83179425,35.94355936,0,138.7583341,0,2,4.278419897,4.38,2,4.278419897,4.38,285.0101276,402.1300268,46.20107948,47.74111546,0.157130459,0.155234737,0.151172176,0.144799863,0.136957754,0.128308267,0.118337272,0.107854624,0.096950572,0.23215882,0.225509035,0.219096648,0.212561261,0.206281164,0.200218971,0.194249529,0.188291637,0.182635816,0.177172747,0.171769288,0.166455605,0.161382244,0.156293593,0.151272111,0.146508119,0.161179329,0.157952637,0.153354133,0.149495021,0.145896079,0.154927546,0.149800583,0.146066985,0.142635948,0.139031509,0.144984248,0.1420312,0.139015479,0.13562407,0.131852242,0.13925181,0.136289185,0.132856797,0.129024345,0.125839899,0.133495805,0.129928069,0.12599008,0.122939211,0.120011756,0.126558489,0.122544086,0.119796959,0.117083542,0.114028215,0.118746624,0.116685306,0.114254452,0.111296609,0.108213821,0.114732453,0.112182537,0.109065568,0.105909266,0.103219604,0.109763358,0.10644631,0.103259609,0.100691882,0.097618924,0.10329508,0.10024751,0.097960427,0.094943756,0.091871384,0.097348572,0.09548506,0.092422794,0.089347105,0.08690573,16.80184502,14.92891018,31.73876009,11.18326609,21.08354661,170.1796119,154.1605487,41.32810409,9.043007794,314.7543737,2859.331463,5.429464147,-630.773,-256.751,-141.692,-343.072,273.735,247.689,238.383,253.269,-357.039,-9.062,96.69,-89.803,-1982.365,-1395.242,-1274.863,-1550.823,2994.796,3009.284,2994.961,2999.68,1012.431,1614.042,1720.098,1448.857,0.25598,55.12,1.92952,-0.28504,-0.37153,-0.643706667,-0.00953,0.279293333,1.91021,1.959533333,0.24333,0.09065,0.27551,0.09613,-0.03449,0.41423,-474.5171613,-0.41508,0.79302,1.0703,-474.2310498,16.6,3.98,8.35,29.1,156.19578,160.6198,0.873235,1.050432495,-0.630652,-0.188076,0.818727,-14.714667,3.22934949,-0.25051,-0.02551,-0.13801,0.225,0.042326134,8.59140127,6.913548067,-2.42807207,-4.485475997,-474.5524709,-0.62,-474.571857,2.54573611,-0.12965,-0.12521,-0.12743,0.00444,1.8286492,8.812578641,7.188542745,-3.321487478,-3.867055266,-474.4322732,-0.110091,1.36831,-0.095,0,1.365,104.109,-0.003,51.104,1.977,-0.002,121.695,-3.379685832,-10.70126118,3.2707386,0.3214211,0.0353096,-0.0193861,0.6006139,0.29047,0.53704,1.406219608,0.368865465,-0.177837,1.952014121,178.5753157
C55,OXZL,C=C1COCN1c1ccccc1,-31.02346602,48.12625677,185.2167301,0.259837525,8.96131108,17.12982643,19.58004582,73.11062523,8.029410032,53.53057941,0,16.07032502,0,71.72869221,47.00295517,1.123301599,175.5634975,6.215186558,2.268329218,7.179267262,4.38,2.268329218,6.762265104,4.38,347.221912,509.979976,33.08077293,34.18346536,0.118783201,0.117078806,0.113412243,0.107160313,0.098316363,0.086121385,0.069516279,0.04913171,0.029226382,0.28812202,0.284014293,0.279953423,0.275896636,0.271878498,0.268024366,0.264060628,0.260271615,0.25661402,0.252963218,0.249476289,0.246010217,0.242635254,0.239132872,0.235662635,0.232261093,0.244276341,0.241716229,0.238961941,0.236233578,0.23384253,0.239316071,0.236548585,0.233873927,0.231616852,0.228813688,0.233948772,0.231395154,0.22934906,0.226562421,0.224211594,0.228991705,0.227248096,0.224378697,0.222114753,0.220017276,0.225604095,0.222266074,0.220074512,0.218076313,0.215818767,0.21911345,0.217535795,0.215835611,0.213693772,0.211831376,0.216043397,0.21432715,0.21207553,0.21024388,0.208185831,0.212701211,0.21024544,0.208507111,0.206466612,0.20451558,0.207915577,0.20656858,0.204594324,0.20271837,0.20019536,0.205288918,0.203056143,0.201153472,0.198494756,0.19598534,0.200932262,0.199234556,0.196443845,0.193929541,0.19164275,17.50027795,18.15326198,32.91523447,13.10415324,19.18502819,225.1560182,207.935635,42.30878195,9.015865854,348.2708429,3940.292902,5.925758283,-671.134,-162.867,-266.41,-366.804,274.693,237.056,246.814,252.854,-396.441,74.189,-19.596,-113.949,-1988.818,-1228.209,-1793.857,-1670.295,2995.234,2993.663,3008.049,2998.982,1006.416,1765.453,1214.191,1328.687,0.31922,52.76,1.9079,-0.26838,-0.35041,-0.634033333,0.00583,0.301563333,1.86282,1.94317,0.2316,0.090356667,0.27421,0.08237,0.14759,0.24057,-515.94491,-0.41429,0.85225,0.9754,-515.6700235,17.21,3.94,10.48,30.63,208.39882,204.65907,0.830583,1.148955833,-0.743306,-0.124,0.867306,-14.721158,3.505381311,-0.23746,-0.02703,-0.132245,0.21043,0.041554769,7.851499037,5.556794492,-0.009905816,-5.546888676,-515.9739616,-2.31,-515.9910734,1.300184916,-0.13185,-0.11267,-0.12226,0.01918,0.38966391,7.918682202,5.496304744,0.200701563,-5.697006307,-515.8680295,-0.117996,1.36637,-0.06,-0.01,1.365,153.309,-4.178,99.548,16.464,13.027,122.706,-3.514418923,-11.0447414,2.882552266,0.3039381,0.0290516,-0.0171118,2.2928882,0.17163,0.53303,1.508582876,0.441064376,-0.17433,1.955478336,178.8892863
C56,IMZL,C1=CNCN1,10.63227561,35.82850984,80.60773046,0.444479824,8.957127461,8.957127461,20.14936699,20.15449824,0,0.005131244,0,8.957127461,0,20.15449824,35.82850984,0,80.60773046,0,2,3.120450282,4.38,2,3.120450282,4.38,207.221723,261.6134618,45.63106616,47.1521017,0.222872144,0.221372634,0.217626157,0.211737521,0.203845798,0.194542678,0.184810342,0.175679055,0.166470243,0.230966925,0.22441343,0.217985843,0.211642348,0.20542892,0.199491008,0.193629129,0.187760601,0.182146225,0.176724282,0.171354199,0.166110232,0.161000963,0.155985328,0.150987743,0.146239471,0.161015239,0.157221417,0.15325994,0.149388111,0.145957166,0.153664628,0.149738131,0.14597685,0.142745068,0.139250527,0.146049528,0.142475242,0.13952873,0.136160753,0.132383429,0.139111145,0.136550291,0.133237203,0.129440518,0.126165122,0.13413573,0.13054711,0.126571455,0.123365195,0.120356204,0.127157805,0.123098579,0.120159262,0.117363825,0.114248131,0.119258716,0.116938535,0.114439475,0.111433816,0.108444763,0.11474044,0.112216707,0.109090508,0.106078692,0.103162007,0.109822368,0.106479086,0.103477517,0.100619886,0.097714545,0.103302932,0.100539009,0.097848985,0.095047441,0.091963356,0.097909885,0.095318262,0.092555409,0.089457665,0.086982602,14.17964298,14.68717337,30.16305093,11.07217487,20.5839365,113.4622398,92.88807769,32.44393329,8.046978806,302.319844,1608.854051,4.184234777,-579.804,-96.737,-250.969,-309.17,276.866,245.586,250.159,257.537,-302.938,148.849,-0.81,-51.633,-1874.101,-1208.383,-871.279,-1317.921,2994.517,2994.482,3009.492,2999.497,1120.415,1786.099,2138.213,1681.576,0.0544,50.14,1.92072,-0.23964,-0.33618,-0.58394,0.01887,0.333023333,1.88311,1.950606667,0.34053,0.12041,0.25851,0.13537,0.00571,-0.00319,-225.9184683,-0.48721,0.64335,1.06863,-225.7028322,14.06,2.88,7.63,25.17,92.66627,106.14854,0.932935,0.939255824,-0.569443,-0.16014,0.729583,-14.768512,2.859534149,-0.22178,0.03115,-0.095315,0.25293,0.017959414,7.520716537,5.687791697,-0.839561069,-4.848230628,-225.9979221,-3.28,-226.0195,0.622022285,-0.07053,-0.09421,-0.08237,-0.02368,-0.143260492,7.379865944,5.188539568,0.059124937,-5.247664504,-225.8508903,-0.13406,1.34501,0,0,1.345,54.089,-0.006,31.742,0,0.001,56.103,-3.597968465,-11.27675206,4.000930032,0.3007176,0.0850815,-0.0215779,3.2584221,0.04869,0.58895,1.371350027,2.74E-05,-0.182398,1.970444105,179.9908679
C57,IMZL,CN1C=CN(C)C1,17.70413762,47.22468696,119.423091,0.395440166,11.80617174,11.80617174,29.8527149,29.85679202,0,0.004077126,0,11.80617174,0,29.85679202,47.22468696,0,119.423091,0,2,4.217437858,4.38,2,4.217437858,4.38,271.1419787,367.8115642,30.2207061,31.22806297,0.231675045,0.230273425,0.227558988,0.224181441,0.219741444,0.212951338,0.204116391,0.193523669,0.182329592,0.282972661,0.279159924,0.275433597,0.271406494,0.267261117,0.263074217,0.258899538,0.254464637,0.250117865,0.245942865,0.2415702,0.237145632,0.232742013,0.228243947,0.223623427,0.219002366,0.242275695,0.240143249,0.23646339,0.232783575,0.229231195,0.238144035,0.233823926,0.229998701,0.226448621,0.223110793,0.22976556,0.226288686,0.223003756,0.219888302,0.21604636,0.223016274,0.219915236,0.216968157,0.213092015,0.209713879,0.21699135,0.214198298,0.210147705,0.206836878,0.204079632,0.211560374,0.207005681,0.20381432,0.201275707,0.197925953,0.202697126,0.20024959,0.198204845,0.194953643,0.191560624,0.19793084,0.196132881,0.192634718,0.189123981,0.185790186,0.194427103,0.190186828,0.186479227,0.183124625,0.179521981,0.18615852,0.182798306,0.179721408,0.17623869,0.172435849,0.179601972,0.176734481,0.173244254,0.169403569,0.165754757,14.9392797,18.04052395,32.63869015,13.52259035,17.78611989,167.9653796,143.4355998,34.92748611,8.464566727,320.8709218,2509.281786,4.940497921,-548.155,-134.727,-247.939,-310.274,275.665,235.816,247.28,252.92,-272.489,101.088,-0.659,-57.353,-1778.629,-867.982,-1102.776,-1249.796,2994.674,2993.531,3010.152,2999.452,1216.045,2125.549,1907.376,1749.657,0.06083,49.84,1.92004,-0.23224,-0.32422,-0.57084,0.02548,0.337876667,1.85947,1.939396667,0.35915,0.13057,0.25772,0.14861,-0.01876,-0.05228,-304.465724,-0.46376,0.63509,1.06596,-304.2673597,14.95,3.43,9.75,27.71,140.65421,151.04789,0.865907,0.878965693,-0.519955,-0.168422,0.688376,-14.775696,2.419382537,-0.21621,0.02545,-0.09538,0.24166,0.018822611,7.213912078,5.599308615,-1.216596856,-4.382711759,-304.5426831,-4.27,-304.5621706,0.53148038,-0.0681,-0.0962,-0.08215,-0.0281,-0.120082251,6.26880523,4.228824721,0.382934354,-4.611759075,-304.3963377,-0.135682,1.34001,0,0,1.34,95.96,-0.002,52.433,0.001,-0.001,75.707,-3.731933163,-11.61796009,3.982252179,0.2860422,0.0876779,-0.0194875,4.2505125,0.07959,0.57426,1.37054,0,-0.165351,1.981780333,179.997719
C58,IMZL,CCN1C=CN(CC)C1,19.27851252,52.27222282,155.3235311,0.336537693,11.69739766,14.43975966,29.2573303,48.40341687,2.742362004,19.14608657,0,14.43975966,0,48.40341687,52.27222282,0,155.3235311,0,2.389733803,5.367914564,4.38,2.389733803,5.367914564,4.38,328.5217206,468.3509913,20.98049021,21.67983988,0.21827449,0.216994188,0.214818417,0.211796773,0.206184792,0.196965998,0.183843116,0.165469698,0.138287887,0.30047862,0.298922937,0.29722069,0.295360882,0.293267274,0.29107459,0.288641323,0.286115373,0.28358236,0.280918891,0.278086401,0.275176284,0.272151094,0.268888252,0.265405195,0.261893778,0.28387333,0.281970323,0.279899437,0.277442635,0.275080334,0.280186214,0.278094827,0.275555946,0.273204665,0.270479475,0.276130151,0.273446964,0.271148261,0.268398761,0.265768767,0.270921565,0.268872733,0.266113027,0.263537506,0.261227739,0.266940945,0.263910859,0.261346818,0.259131188,0.256670035,0.261049066,0.258778467,0.256806553,0.254439591,0.251725756,0.256630573,0.254854151,0.252466092,0.24969327,0.246960482,0.253171203,0.250545317,0.247615769,0.244844686,0.241968351,0.248054063,0.245048025,0.242344183,0.239508691,0.236158596,0.242192257,0.239699751,0.236935649,0.23353827,0.22982596,0.237328806,0.234496495,0.230925945,0.227093397,0.223688144,15.60657809,20.12729552,34.67010202,14.89580507,16.68697765,218.3715644,191.7887422,36.89092014,8.23202004,335.8637305,3408.032872,5.303220953,-555.704,-118.012,-248.169,-307.295,275.389,235.328,246.058,252.258,-280.315,117.316,-2.111,-55.037,-1764.43,-900.452,-1109.354,-1258.079,2994.049,2992.761,3009.103,2998.638,1229.619,2092.309,1899.748,1740.559,0.05781,49.05,1.915,-0.22866,-0.32169,-0.56855,0.02931,0.343503333,1.86033,1.939206667,0.35895,0.13083,0.25797,0.13165,0.01347,-0.01572,-383.0339856,-0.45345,0.62724,1.06369,-382.8388963,15.58,3.48,10.38,29.9,188.14945,192.37246,0.825423,0.879096399,-0.520731,-0.16746,0.688191,-14.778234,2.222487714,-0.21423,0.03172,-0.091255,0.24595,0.016929203,7.409793799,5.748894677,-1.241909568,-4.506985108,-383.1030279,-5.41,-383.1244939,0.649706644,-0.0691,-0.09672,-0.08291,-0.02762,-0.124440045,6.355056102,4.230819557,0.486223061,-4.717042619,-382.9589443,-0.136527,1.34001,0,0,1.34,124.761,-9.972,78.484,-0.002,0.002,95.602,-3.819793714,-11.75374555,3.920705605,0.2804369,0.0853476,-0.021466,5.388534,0.04434,0.56943,1.371545875,0,-0.161176,1.980093828,179.9926409
C59,IMZL,CC(C)(C)N1C=CN(C(C)(C)C)C1,40.40103575,71.02110966,222.746009,0.318843466,17.7510938,17.75841513,55.01181196,55.02161179,0.007321333,0.009799832,0.879605814,16.8767175,0.98077919,54.04082307,67.49850278,3.522606876,216.1325854,3.933727417,3.26944,5.587669192,4.38,3.26944,5.587669192,4.38,407.2116631,631.5942637,5.170120799,5.342458159,0.267501192,0.266635266,0.265181168,0.259918541,0.248851621,0.231657775,0.207776916,0.175996305,0.134878474,0.401501043,0.401235504,0.400671079,0.399372076,0.397641701,0.395377143,0.392708155,0.389780505,0.386546203,0.382938238,0.378902613,0.374564686,0.369896185,0.364849043,0.359385881,0.35373882,0.398666697,0.39678602,0.392940153,0.38917273,0.384961692,0.395022847,0.390339634,0.386387315,0.382038222,0.37764511,0.385940163,0.382454025,0.378213623,0.373920057,0.369827341,0.379172893,0.374684449,0.370366394,0.366357544,0.3622038,0.370452416,0.366333277,0.362555511,0.358533775,0.354064646,0.362442917,0.358929919,0.3549861,0.350505857,0.345466141,0.355606765,0.351554475,0.346941612,0.341765196,0.336545296,0.347715412,0.342945003,0.337620088,0.332374686,0.326917713,0.338419175,0.332953987,0.327767773,0.32235144,0.316520789,0.327762,0.322834761,0.317513386,0.311697027,0.305370717,0.318147826,0.312757859,0.306847595,0.300422946,0.294366183,16.83280625,25.20533174,37.61916174,19.39606494,12.7900188,293.0782985,285.0763666,41.07246334,9.855684785,322.3766667,4933.330213,5.672454421,-577.224,-90.061,-247.607,-304.964,275.321,233.675,244.169,251.055,-301.903,143.614,-3.438,-53.909,-1766.492,-1162.35,-1436.882,-1455.241,2993.655,2991.992,3009.492,2998.38,1227.163,1829.643,1572.61,1543.139,0.06312,48,1.90388,-0.22212,-0.31433,-0.56075,0.03327,0.345816667,1.86153,1.93881,0.36179,0.131636667,0.25539,0.11433,0.05372,0.01085,-540.1681354,-0.43405,0.62426,1.04115,-539.97763,16.7,3.5,12.09,32.74,276.74902,252.23903,0.814197,0.88646477,-0.513744,-0.184671,0.698415,-14.77944,1.924132515,-0.20826,0.03962,-0.08432,0.24788,0.014341339,7.582407909,5.968849243,-1.561018833,-4.40783041,-540.2141247,-5.56,-540.2352874,0.562759651,-0.0638,-0.08989,-0.076845,-0.02609,-0.113168916,7.006665829,5.217977458,-0.577679679,-4.640297779,-540.0720056,-0.135553,1.32,0,0,1.32,182.325,-0.007,122.078,-0.001,0,141.106,-3.806850919,-12.00918204,3.867248958,0.2677352,0.0772298,-0.0211627,5.5388373,0.0094,0.56114,1.367950029,2.74E-05,-0.13115,1.996857889,179.9995087
C60,IMZL,Cc1ccc(N2C=CN(c3ccc(C)cc3)C2)cc1,7.037767536,59.54335198,291.5987503,0.204196184,12.45777034,17.31495155,71.84894984,73.94941061,4.857181215,2.100460776,0.132829891,16.02535112,2.787423068,71.16097283,56.69849132,2.84486066,272.7808542,18.81789618,2.689921415,8.357021002,4.38,2.689921415,6.868774624,4.38,505.6541948,780.9685864,20.6504825,21.33883191,0.118188532,0.116564553,0.111976602,0.103566063,0.090765253,0.071849491,0.050545889,0.035011938,0.022033893,0.346385206,0.343851133,0.341078323,0.338013756,0.33477282,0.331595928,0.32854484,0.325475966,0.322699826,0.319822123,0.317209515,0.314584832,0.31203176,0.309404892,0.306713984,0.304066082,0.319336633,0.316236814,0.312722367,0.309290504,0.306442511,0.313330669,0.309718719,0.30634309,0.303692015,0.301507202,0.306325607,0.303160406,0.300852965,0.29897275,0.296890109,0.300181338,0.298353282,0.296798928,0.294858232,0.293635305,0.296629658,0.295249884,0.293278983,0.292219549,0.290463033,0.293946744,0.291740637,0.290906846,0.289123881,0.288011056,0.289653749,0.289507886,0.28768384,0.286717073,0.285331829,0.289369698,0.286775263,0.285837633,0.284386202,0.282973115,0.284313846,0.284205097,0.282889628,0.281568703,0.279791757,0.284101785,0.282230026,0.28074213,0.278795634,0.276651672,0.280449554,0.279183194,0.2771939,0.27500543,0.273054848,18.52378703,23.05811376,36.66004445,17.71566542,16.28728956,348.7105117,333.6273629,44.31682815,9.052786395,375.5541755,6459.439253,6.247081879,-579.168,-114.03,-238.965,-310.721,275.732,232.383,245.82,251.312,-303.436,118.354,6.854,-59.409,-1841.382,-984.527,-1161.348,-1329.086,2996.053,2993.71,3009.673,2999.812,1154.67,2009.183,1848.324,1670.726,0.0973,50.48,1.91305,-0.23807,-0.69693,-0.696935,0.47819,0.4782,1.97578,1.97578,0.0177,0.0177,0.71626,0.0673,0.00749,0.15774,-766.2703488,-0.37496,0.62882,1.0502,-766.0187532,18.32,4.23,11.14,32.11,335.29058,315.05364,0.740822,0.908700387,-0.531921,-0.181994,0.713915,-14.765643,1.804938165,-0.22126,-0.01934,-0.1203,0.20192,0.035836198,14.52863665,11.71034282,-4.214578598,-7.495764219,-766.2570239,-9.36,-766.288519,0.858365202,-0.09622,-0.11921,-0.107715,-0.02299,-0.252338435,7.701623611,5.378671147,0.131998444,-5.510669592,-766.1288982,-0.132947,1.34501,0,0,1.345,341.802,11.327,153.953,-0.001,-0.002,179.431,-3.727520248,-11.89424861,3.486470008,0.2756485,0.0240529,-0.0314951,9.3285049,0.08981,0.53152,1.367325364,1.37E-05,-0.157148,1.97984357,179.9970675
C61,IMZL,Fc1cccc(F)c1N1C=CN(c2c(F)cccc2F)C1,6.114094888,63.43934682,289.5818079,0.21907228,12.60315109,19.11809118,70.4026681,73.46933406,6.514940093,3.066665959,0.004183619,18.48636477,0.827938821,72.51900428,62.16961857,1.269728251,278.4517415,8.479048325,3.659367968,7.185880066,4.38,3.659367968,6.765458676,4.38,476.9306127,743.2090928,14.43033716,14.9113484,0.186210698,0.184985303,0.182237611,0.175246695,0.162618527,0.140537592,0.106862774,0.067537475,0.031574187,0.351096916,0.35167206,0.352163388,0.352702439,0.352860741,0.353172754,0.353360859,0.353655299,0.353983825,0.354110783,0.354171839,0.354122895,0.353798764,0.353209695,0.352340522,0.351258575,0.35723598,0.357155541,0.357552963,0.356731293,0.356703314,0.357080128,0.35769691,0.356583224,0.356589689,0.35634402,0.358276323,0.356356895,0.356445231,0.356186229,0.356388702,0.35455034,0.355608862,0.355568307,0.355982215,0.356415786,0.356606913,0.356034506,0.356407021,0.356819239,0.356565526,0.355493891,0.356315247,0.356882439,0.356556538,0.356199567,0.357092218,0.357521448,0.35687383,0.356353405,0.355719732,0.357928093,0.356773103,0.356132154,0.355419435,0.354108853,0.35567733,0.355302064,0.354666069,0.353270314,0.351485397,0.354945557,0.354197721,0.352545552,0.350562001,0.34828059,0.353486358,0.35143191,0.349238765,0.346807841,0.344384883,18.77242372,23.82856882,37.65757664,17.36386159,17.58627584,319.2803397,300.3461288,41.67800008,9.188400654,419.0557843,5993.665822,6.273231607,-600.905,-116.465,-250.697,-322.689,276.67,237.839,248.124,254.211,-324.235,121.374,-2.573,-68.478,-1943.879,-1055.654,-1246.88,-1415.471,2995.416,2993.754,3009.307,2999.492,1051.537,1938.1,1762.427,1584.021,0.12636,50.76,1.91996,-0.24567,-0.34091,-0.584966667,0.01575,0.318836667,1.86012,1.93609,0.33463,0.124263333,0.26142,0.05943,0.10758,0.01462,-1084.464486,-0.39774,0.68369,1.07491,-1084.190423,18.53,4.26,11.84,33.63,307.34354,291.76888,0.754851,0.942954859,-0.562383,-0.174194,0.736577,-14.758985,1.348618866,-0.22863,-0.03339,-0.13101,0.19524,0.043955184,24.25016731,19.58877657,-7.29535215,-12.29342442,-1084.444702,-6.45,-1084.47245,0.193874151,-0.09912,-0.11951,-0.109315,-0.02039,-0.293030143,18.69688112,14.62917686,-3.536087338,-11.09308952,-1084.312684,-0.129686,1.35001,0,0,1.35,264.031,-10.22,162.708,0.007,0.008,139.449,-3.694744208,-11.64130017,3.592379205,0.2870906,0.0130269,-0.027748,6.422252,0.01878,0.55733,1.365839634,2.73E-05,-0.16564,1.967669567,179.9949076
C62,AIZL,c1ccc2c(c1)NCN2,-7.159772953,35.97389059,133.4175201,0.269633932,8.991642315,8.994780029,32.36207754,32.37056915,0.003137714,0.008491607,0,8.994780029,0,32.37056915,35.97389059,0,129.4637139,0,2,3.629629867,4.38,2,3.629629867,4.38,277.6924313,386.4667409,45.26105752,46.76975943,0.192259514,0.190482782,0.186681479,0.180517752,0.172725278,0.163731216,0.154463184,0.1443002,0.132677876,0.231860846,0.225239347,0.21891279,0.212575184,0.206344764,0.200370388,0.194474157,0.18858174,0.18300301,0.177566725,0.172172739,0.166894517,0.161783593,0.156732638,0.151716073,0.146945011,0.161183285,0.158302959,0.154310343,0.150352062,0.146811812,0.155602592,0.151189226,0.147174311,0.143746176,0.140129314,0.147043252,0.14333542,0.140253889,0.136812497,0.133010711,0.139845632,0.13715278,0.133787844,0.12998889,0.12687757,0.134613763,0.131013555,0.127064611,0.124072877,0.121054505,0.127613305,0.123598678,0.1209353,0.11810996,0.114943192,0.119801004,0.117862086,0.11527239,0.112181102,0.109101763,0.116025191,0.113183667,0.109899185,0.106760791,0.103861401,0.11048783,0.107067719,0.103978636,0.101190761,0.098218009,0.103818576,0.100964015,0.098391379,0.09551522,0.09242998,0.098248672,0.095873069,0.093008738,0.089913457,0.087421524,16.77060248,15.57628564,32.73009373,11.62235364,20.38409246,167.2445297,148.7361778,41.19315254,8.961618289,317.5084466,2804.791524,5.505184444,-607.174,-108.799,-254.777,-323.584,280.332,248.331,249.704,259.456,-326.842,139.532,-5.073,-64.128,-1866.996,-1251.971,-1203.644,-1440.87,2995.079,2995.213,3009.886,3000.059,1128.084,1743.242,1806.242,1559.189,0.10679,49.82,1.9249,-0.25012,-0.71391,-0.713915,0.47671,0.476715,1.98248,1.98248,0.00839,0.00839,0.72683,0.09817,-0.09933,0.24279,-379.4979769,-0.42625,0.66357,1.063,-379.236623,16.56,3.87,8.2,29.1,151.54416,156.11212,0.880522,1.0377112,-0.659052,-0.131624,0.790677,-14.75272,2.193010628,-0.23031,-0.02453,-0.12742,0.20578,0.039449549,9.683542641,7.230309322,-0.844329988,-6.385979334,-379.5207947,-5.36,-379.5456328,2.050528242,-0.10504,-0.12046,-0.11275,-0.01542,-0.412210198,10.58540494,8.639331533,-4.10318967,-4.536141863,-379.3949708,-0.126035,1.34501,0,0,1.345,98.641,0.008,51.578,0,-0.006,128.178,-3.573122213,-11.28874352,3.423834982,0.2983118,0.0369579,-0.0248381,5.3351619,0.20612,0.55678,1.418220022,0,-0.172849,1.966069624,179.995037
C63,AIZL,CCN1CN(CC)c2ccccc21,4.595155432,51.20121646,207.8390462,0.246350324,11.81035536,13.79129877,41.43733943,60.82756336,1.980943416,19.39022393,0,13.79129877,0,60.82756336,51.20121646,0,204.5298056,0,2.48102894,5.424484605,4.38,2.48102894,5.424484605,4.38,383.7824732,579.9635526,22.07051567,22.80619953,0.214135982,0.21285697,0.210609661,0.207394779,0.202011005,0.193330106,0.181342237,0.164360164,0.1411202,0.295534118,0.293664037,0.291773917,0.28972906,0.287460568,0.285087821,0.282565677,0.280062544,0.277580329,0.275000838,0.272220843,0.269416463,0.266458634,0.263386185,0.260031222,0.256659213,0.275572966,0.27417242,0.27219112,0.269743902,0.267320892,0.272859379,0.270655368,0.268033725,0.265560609,0.262961096,0.268584892,0.265835749,0.263410769,0.260839323,0.258605555,0.263248272,0.261047437,0.258549398,0.256456566,0.254523084,0.258972329,0.256397451,0.254441616,0.252636027,0.250533328,0.253965584,0.252361495,0.250749978,0.248700704,0.246106206,0.250844091,0.249270157,0.247128682,0.244392858,0.241862466,0.247779041,0.245415032,0.242460919,0.239897306,0.2370548,0.243172227,0.240002861,0.237530373,0.234700222,0.231770147,0.236991929,0.234917445,0.232149271,0.229258503,0.225699785,0.232944135,0.229902196,0.226924063,0.223204574,0.219942373,17.31687929,21.0849073,37.12591581,15.32802825,17.48635382,264.5525758,247.707451,43.20977497,8.563922097,368.6981494,4581.22502,6.091376812,-580.615,-137.844,-249.176,-322.545,278.994,237.484,245.041,253.84,-301.621,99.64,-4.135,-68.705,-1767.475,-919.191,-1396.611,-1361.092,2994.96,2993.56,3009.755,2999.425,1227.485,2074.369,1613.144,1638.333,0.11403,48.95,1.92043,-0.24028,-0.69891,-0.69891,0.48644,0.486445,1.97758,1.97758,0.01504,0.01504,0.72672,0.08979,-0.0839,0.27555,-536.6182806,-0.40446,0.65965,1.05768,-536.371223,17.16,4.27,10.75,33.16,246.27155,234.87561,0.808951,0.98342879,-0.617804,-0.135288,0.753092,-14.761501,1.453442332,-0.22351,-0.02092,-0.122215,0.20259,0.036863878,9.782830781,7.652797085,-1.844502623,-5.808294463,-536.6266294,-7.27,-536.6511319,2.334901061,-0.10014,-0.11852,-0.10933,-0.01838,-0.325164551,11.06838695,8.979741288,-3.607952502,-5.371788786,-536.5032664,-0.128172,1.34501,0,0,1.345,166.093,-10.438,96.671,-0.006,-0.007,173.228,-3.766860014,-11.67729822,3.356870633,0.2817891,0.0347315,-0.0245025,7.2454975,0.19793,0.54562,1.416855534,2.83E-05,-0.152567,1.975884597,179.9954172
C64,AIZL,CC(C)(C)N1CN(C(C)(C)C)c2ccccc21,22.91896622,68.39902669,274.7829403,0.248920208,15.08194512,19.11913708,64.13717868,70.79186328,4.037191966,6.654684604,1.446486137,16.00547893,1.547410466,66.84858326,59.2787381,9.120288587,258.8804046,10.9800471,3.071171202,5.567898974,4.38,3.071171202,5.567898974,4.38,454.8523722,732.4150798,9.960232719,10.29224048,0.269383401,0.268463622,0.2651668,0.258440627,0.248722348,0.236602652,0.221807369,0.202413928,0.181824399,0.405830974,0.401083805,0.396151253,0.391157552,0.385990129,0.380992592,0.375887814,0.370845134,0.36603322,0.361017972,0.356146422,0.3512196,0.346400573,0.341371064,0.336259227,0.331248372,0.355159919,0.350840492,0.34682697,0.342451214,0.338747785,0.346790939,0.34304284,0.338722632,0.335246847,0.331380624,0.339521827,0.335047701,0.331846554,0.328077304,0.324480532,0.33083668,0.328340798,0.324693809,0.321241481,0.3183494,0.325987497,0.321880554,0.318394796,0.315648689,0.311979468,0.318001714,0.314908869,0.312571263,0.308937466,0.305718987,0.311983164,0.310072171,0.306231005,0.303041347,0.299527697,0.308261733,0.303577949,0.300363558,0.296802467,0.293565481,0.299134305,0.296712988,0.29336118,0.290338821,0.286438578,0.294412711,0.290687457,0.287690469,0.283641971,0.279477322,0.287143885,0.284571236,0.280390676,0.27617707,0.272502743,18.26458409,25.25783062,40.38749056,19.26733782,14.78845923,331.1609333,335.9858554,45.57660691,9.827299707,373.5243984,6048.516712,6.449930732,-600.814,-115.622,-242.56,-319.665,278.321,234.493,243.828,252.214,-322.493,118.871,1.268,-67.451,-1740.347,-1155.725,-1906.359,-1600.811,2997.065,2992.968,3008.537,2999.523,1256.718,1837.243,1102.177,1398.713,0.12906,48.33,1.9074,-0.23228,-0.69118,-0.69118,0.48534,0.485345,1.97656,1.97656,0.0153,0.0153,0.71762,0.08616,-0.05534,0.25651,-693.6879021,,,,,18.01,4.26,12.58,35.7,331.57953,289.15444,0.801209,1.011371034,-0.624425,-0.155768,0.780193,-14.76053,1.164442321,-0.21504,-0.01863,-0.116835,0.19641,0.034749802,9.66780377,7.67629472,-2.244695255,-5.431599466,-693.7218639,-7.23,-693.7466647,,,,,,,,,,,,-0.130331,1.33502,0,0.005,1.335,223.321,-2.836,140.188,0.258,7.564,219.425,-3.522263649,-11.94557589,,,0.0339618,-0.0248008,7.2051992,0.1844,,1.417273941,0,-0.13282,1.994727299,175.363379
C65,AIZL,Cc1ccccc1N1CN(c2ccccc2C)c2ccccc21,0.498266389,64.17984731,343.4879583,0.186847445,12.71297108,19.38479687,76.30820398,93.13487624,6.671825791,16.82667225,0,19.05010738,0.485266615,91.18960173,63.51883557,0.661011742,334.0004886,4.881052835,3.215756186,7.257192934,4.38,3.215756186,6.819756432,4.38,532.2344313,873.8740671,16.66038927,17.21573558,0.204431779,0.203352147,0.201139867,0.194845917,0.182722701,0.162099647,0.131624432,0.09767111,0.065643698,0.350743072,0.35259911,0.354208801,0.355591446,0.356606798,0.35748812,0.358072694,0.358754229,0.359360267,0.3597103,0.359986965,0.360105771,0.359932707,0.359518234,0.358762013,0.357782108,0.370554332,0.370431871,0.3702391,0.369474206,0.368960012,0.370317062,0.370095948,0.36915731,0.368619921,0.367741448,0.369888232,0.368629069,0.368120031,0.367189345,0.367082134,0.367443952,0.367312387,0.366391437,0.366477858,0.366513165,0.367188339,0.365909417,0.366191239,0.366311857,0.365804733,0.364701527,0.365733455,0.366050966,0.365504268,0.365058587,0.366709617,0.366671977,0.365743955,0.365136427,0.364366055,0.366636318,0.365298566,0.364665306,0.363853288,0.362479901,0.364029401,0.363754297,0.363017528,0.361567332,0.359870091,0.363492945,0.362548897,0.360825994,0.358953881,0.356587203,0.36165089,0.359588484,0.357583702,0.355061251,0.352579862,20.26317573,26.15692469,46.22343592,18.52578651,15.18814732,398.5992199,390.6868213,46.87811309,9.48044958,397.2752257,8076.886039,7.201142385,-610.689,-118.853,-251.651,-327.064,277.778,236.737,244.124,252.88,-332.911,117.885,-7.526,-74.184,-1870.595,-1110.322,-1536.695,-1505.871,2994.443,2993.529,3008.976,2998.982,1123.848,1883.206,1472.281,1493.112,0.14816,49.73,1.91802,-0.24409,-0.70145,-0.70145,0.47292,0.472925,1.97297,1.97297,0.0177,0.0177,0.71701,0.06094,0.04736,0.17795,-919.8078127,-0.37951,0.69009,1.05455,-919.5495882,19.51,4.64,12.22,38.75,394.13266,349.00901,0.744862,1.010056634,-0.628502,-0.148184,0.776686,-14.755191,1.570170653,-0.22664,-0.02361,-0.125125,0.20303,0.038556533,11.98244757,8.382455132,0.178024006,-8.560479138,-919.7754907,-10.8,-919.8090483,1.770352084,-0.10684,-0.1178,-0.11232,-0.01096,-0.575537518,13.99045859,9.102880354,1.425151057,-10.52803141,-919.6558636,-0.128113,1.35046,0,-0.035,1.35,330.08,-0.135,215.456,0.018,21.317,232.999,-3.80511617,-11.83542777,3.255211846,0.2769613,0.0187368,-0.0335576,10.7664424,0.1008,0.54193,1.413910673,1.41E-05,-0.143463,1.969892009,177.9992335
C66,IZLD,CN1CCN(C)C1,-2.707749301,47.92335127,121.5604187,0.394234832,11.21523561,12.74644002,27.19389602,32.57275477,1.531204414,5.378858747,0,12.74644002,0,32.57275477,47.92335127,0,119.5326002,0,2.100065592,4.262583089,4.38,2.100065592,4.262583089,4.38,278.9413193,382.7979493,29.43068764,30.41171056,0.232573287,0.231209924,0.228610505,0.225243607,0.220482064,0.213478038,0.204150988,0.193125568,0.180989913,0.287051177,0.283222087,0.279447815,0.275360604,0.271121655,0.266999394,0.262696817,0.258324483,0.253894067,0.249518006,0.245073242,0.240433875,0.235909322,0.231279892,0.226470008,0.221675278,0.246179658,0.243856489,0.240041651,0.236165778,0.232895575,0.241678469,0.237254281,0.233227826,0.230061894,0.22644017,0.233098141,0.229378749,0.226640252,0.223173724,0.219623372,0.225878081,0.223690547,0.220239637,0.216721664,0.213152428,0.221627981,0.217657395,0.214005156,0.210400162,0.207094332,0.213907339,0.210505399,0.207058115,0.203938187,0.200572234,0.207287301,0.203906105,0.200961533,0.197665175,0.193782189,0.200702824,0.198043913,0.194783656,0.190827299,0.187460628,0.195521326,0.192047792,0.187861619,0.184553217,0.180909079,0.188747897,0.184314158,0.181250679,0.177690303,0.173611544,0.180096656,0.177771844,0.174352417,0.170266884,0.166469022,14.70529989,18.26633916,32.88646673,13.76793479,17.48635382,177.5798241,154.0753839,33.55784247,8.548138241,319.4116696,2611.364568,4.916457171,-608.391,-141.143,-257.621,-335.718,278.091,236.063,244.453,252.869,-330.3,94.919,-13.168,-82.849,-1829.833,-915.714,-1313.187,-1352.911,2994.644,2992.99,3009.59,2999.075,1164.811,2077.275,1696.403,1646.163,0.16031,45.78,1.89228,-0.22108,-0.3166,-0.572576667,0.0446,0.368176667,1.92736,1.96422,0.2874,0.107656667,0.26568,0.1291,0.11372,0.01589,-305.6704523,,,,,14.85,3.55,9.89,28.14,148.98466,158.1146,0.859554,1.081704877,-0.729832,-0.065842,0.795673,-14.771383,2.860400378,-0.20909,0.03588,-0.086605,0.24497,0.015308866,3.743066995,2.82878052,-0.412504097,-2.416276423,-305.7417426,-4.69,-305.7601646,1.112380663,-0.07884,-0.08579,-0.082315,-0.00695,-0.487464692,3.440980847,1.678536241,1.111901185,-2.790437427,-305.611393,-0.136214,1.34001,0,0,1.34,97.546,3.518,60.629,0,0,78.143,-3.749353853,-11.61095336,3.546985273,,0.0833275,-0.018422,4.671578,0.04659,,1.538498512,0,-0.154931,1.98295405,179.9977157
C67,IZLD,CC(C)(C)N1CCN(C(C)(C)C)C1,22.78808405,72.42889732,225.4195615,0.321307063,15.91134751,20.30205525,46.14424283,66.56656715,4.39070774,20.42232432,0.572109846,18.54702724,0.765759968,64.06652554,67.7714839,4.657413426,218.8828121,6.536749408,3.255039091,5.603695114,4.38,3.255039091,5.603695114,4.38,411.681155,643.3411016,4.610107714,4.763777972,0.269600054,0.26874493,0.267162463,0.26145928,0.249932263,0.23200422,0.207544427,0.174789912,0.133636476,0.410263334,0.409983482,0.409151498,0.407816329,0.405763458,0.403355619,0.400580823,0.397421525,0.393939943,0.389966973,0.385788436,0.381123183,0.376234147,0.370939617,0.365198013,0.35934515,0.4072762,0.403946996,0.400423563,0.395888891,0.391607063,0.400825797,0.397311667,0.392547992,0.388264617,0.383971597,0.394010447,0.388777639,0.384564742,0.380358769,0.375930455,0.383852551,0.380250323,0.376322743,0.37203704,0.367603759,0.37685388,0.372874312,0.368531636,0.364089519,0.358946986,0.369115772,0.364710766,0.360290108,0.355058302,0.350134333,0.360543808,0.35622854,0.350860932,0.34599637,0.340349967,0.352140338,0.34639492,0.341639878,0.335931597,0.330439214,0.340944072,0.33678652,0.331064014,0.325674588,0.31970869,0.332836802,0.326488236,0.321076891,0.315030973,0.30839268,0.320449294,0.315620096,0.309656041,0.302991295,0.296953618,16.67625313,25.60336265,38.3652304,19.83301976,12.69009677,300.8916165,295.596388,39.26416331,9.872078866,324.9091497,5017.744761,5.483497178,-654.062,-94.375,-263.102,-337.18,277.228,233.768,241.029,250.675,-376.834,139.393,-22.074,-86.505,-1844.287,-1162.75,-1715.14,-1574.059,2993.861,2991.507,3008.779,2998.049,1149.573,1828.757,1293.639,1423.99,0.17273,44.03,1.87819,-0.21362,-0.30964,-0.562583333,0.05308,0.37041,1.93515,1.965416667,0.28309,0.108646667,0.2667,0.10846,0.15299,0.00783,-541.3702183,-0.40534,0.74557,0.95269,-541.1764015,16.62,3.41,12.07,31.48,284.92579,256.86427,0.815208,1.108727673,-0.748526,-0.066668,0.815194,-14.772654,2.47591359,-0.20225,0.03009,-0.08608,0.23234,0.015945955,4.351937596,3.327497609,-0.584165502,-2.743332107,-541.4070846,-5.75,-541.4270911,1.249547628,-0.0785,-0.08007,-0.079285,-0.00157,-2.00194625,4.141429252,2.62277711,0.536988652,-3.159765762,-541.2840065,-0.134915,1.33001,0,0,1.33,181.488,5.233,129.243,0.001,0,143.387,-3.79628615,-11.95286586,3.349118127,0.2635682,0.0697514,-0.0200065,5.7299935,0.01974,0.57284,1.524656632,0,-0.120708,1.996657298,179.990525
C68,TRZL,CN1C=NN(C)C1,17.11462947,46.335668,115.250918,0.402041639,11.32923922,11.8877523,27.34937018,29.42318432,0.558513085,2.073814137,0,11.8877523,0,29.42318432,46.335668,0,113.184251,0,2,4.230927855,4.38,2,4.230927855,4.38,264.9114726,356.2484689,31.56073741,32.61276199,0.226638558,0.225209046,0.222393083,0.218857271,0.214524739,0.208024894,0.199309218,0.189312592,0.177811562,0.277264601,0.27362291,0.269910216,0.265997438,0.261842373,0.257856178,0.253872155,0.249626308,0.245439544,0.241282189,0.23706629,0.232745719,0.228367314,0.223956257,0.21941014,0.214845107,0.238393368,0.235484353,0.231957672,0.227999708,0.224846577,0.232757091,0.229035117,0.224950333,0.221956857,0.218983643,0.225538645,0.221394532,0.218775666,0.216031198,0.212463148,0.217494118,0.215686608,0.213220386,0.20964742,0.206422432,0.213982356,0.211263142,0.207319477,0.204027881,0.200907596,0.208694956,0.204260446,0.201064855,0.198068264,0.194871429,0.20006558,0.197553485,0.194895278,0.191857894,0.188475564,0.195173574,0.192510591,0.189399954,0.185939693,0.182417589,0.189984141,0.186731363,0.183166702,0.179616928,0.176104383,0.183641189,0.180009324,0.176495322,0.173046959,0.169248606,0.176554586,0.173179521,0.169848945,0.166068296,0.162415402,14.72774196,17.54881005,31.5665881,13.0850579,18.38565202,159.157821,134.6609021,31.5665881,8.29901195,322.6463149,2344.035318,4.803392001,-544.778,-116.309,-258.807,-306.632,275.833,238.028,249.045,254.302,-268.944,121.719,-9.763,-52.329,-1762.208,-899.517,-1271.782,-1311.169,2994.214,2993.089,3009.385,2998.896,1232.006,2093.572,1737.603,1687.727,0.06495,50.33,1.91467,-0.2482,-0.34234,-0.591246667,0.01481,0.322083333,1.87193,1.944753333,0.30851,0.11763,0.26301,0.14606,-0.05139,-0.02329,-320.5039629,-0.50432,0.63094,1.01635,-320.2803443,14.72,3.45,9.61,28.01,134.35486,146.17376,0.867861,0.909810093,-0.547289,-0.161365,0.708654,-14.761975,1.932628178,-0.23047,0.01322,-0.108625,0.24369,0.024209838,10.13512346,8.041100574,-2.327656324,-5.713444249,-320.5844522,-4.61,-320.6054298,1.936311496,-0.08661,-0.111,-0.098805,-0.02439,-0.200131776,8.798831787,7.097586183,-2.585505393,-4.51208079,-320.4404274,-0.123072,1.35016,0.02,0,1.35,88.319,0.446,48.583,0.409,-0.129,69.607,-3.589968635,-11.11722461,3.919105579,0.3041079,0.0804893,-0.0209776,4.5890224,0.11634,0.56599,1.312406947,0.5592166,-0.198186,1.973788579,179.5727875
C69,THZL,CN1CSc2ccccc21,-25.87922597,44.92369672,164.8330734,0.272540551,7.579671031,14.88217733,19.50099692,62.91706433,7.301460393,43.41606741,0,14.40524481,0,62.33367077,43.96983167,0.953865045,163.6662863,1.16678712,2,4.223484458,4.38,2,4.223484458,4.38,310.3523845,449.6393,33.00077106,34.10079676,0.216134005,0.214615073,0.211607833,0.207521068,0.202316538,0.195069821,0.185864834,0.175488807,0.163306663,0.27205006,0.267748786,0.263360299,0.258868902,0.2544393,0.249988353,0.245389783,0.240711785,0.236169036,0.231575241,0.22694122,0.222215427,0.217561005,0.212830685,0.208081852,0.203306812,0.226138476,0.222683542,0.219046673,0.215794102,0.212466079,0.219444469,0.215826168,0.212759187,0.209549566,0.205893958,0.212427088,0.209714193,0.206635039,0.202989301,0.199216314,0.207160832,0.203989463,0.200199084,0.196371455,0.193086645,0.200999265,0.197010807,0.193170483,0.190042722,0.186676468,0.193243872,0.189576168,0.186781423,0.183566111,0.180165088,0.186106667,0.183807406,0.180676463,0.177313907,0.173653884,0.181629129,0.178171901,0.174680756,0.170929241,0.167522325,0.174891927,0.171469188,0.167715999,0.164425083,0.160846839,0.16821755,0.164392593,0.161273478,0.157752996,0.154201921,0.160754181,0.158051312,0.154594128,0.151104907,0.147542679,17.97070106,18.98715469,36.04849028,14.15156192,16.98674371,195.7801048,183.273871,43.41725749,9.086371389,322.5299306,3518.305737,5.913298213,-716.708,-314.098,-115.336,-382.047,275.901,250.519,240.776,255.732,-440.807,-63.578,125.439,-126.315,-2224.658,-2160.526,-1081.863,-1822.349,2993.85,3010.59,2993.887,2999.442,769.192,850.064,1912.024,1177.093,-0.16868,51.5,1.91844,-0.27269,-0.35722,-0.55211,-0.01109,0.22878,1.8807,1.941523333,0.29831,0.112003333,0.2616,0.07591,-0.44055,0.46074,-761.5367496,-0.42566,0.32754,1.03985,-761.2619443,17.75,4.27,10.71,32.71,184.96037,181.83487,0.863362,0.9982862,-0.645532,-0.108225,0.753758,-14.743332,3.579498435,-0.23416,-0.03815,-0.136155,0.19601,0.047288873,8.070280546,3.994143484,2.541631533,-6.535775017,-761.5556492,-3.16,-761.5716382,2.18835733,-0.1308,-0.12199,-0.126395,0.00881,0.906679684,6.918055777,4.098287818,1.317274899,-5.415562717,-761.4557701,-0.112878,1.36656,-0.065,0,1.365,131.353,0.002,65.937,-1.871,0.001,153.421,-3.492286973,-11.22559622,2.717843941,0.2937049,0.0188996,-0.015989,3.144011,0.27187,0.49622,1.415604554,0.475388321,-0.176234,1.964673483,179.4320318