ID,Class,SMILES,deltaG_DFT_TS1(kcal/mol),vbur_vbur,vbur_vtot,vbur_ratio_vbur_vtot,vbur_qvbur_min,vbur_qvbur_max,vbur_qvtot_min,vbur_qvtot_max,vbur_max_delta_qvbur,vbur_max_delta_qvtot,vbur_ovbur_min,vbur_ovbur_max,vbur_ovtot_min,vbur_ovtot_max,vbur_near_vbur,vbur_far_vbur,vbur_near_vtot,vbur_far_vtot,sterimol_B1,sterimol_B5,sterimol_L,sterimol_burB1,sterimol_burB5,sterimol_burL,SASA,SASA_volume,SASA_carbene,SASA_volume_carbene,dVbur_B5_0.1,dVbur_B5_0.2,dVbur_B5_0.3,dVbur_B5_0.4,dVbur_B5_0.5,dVbur_B5_0.6,dVbur_B5_0.7,dVbur_B5_0.8,dVbur_B5_0.9,Vbur_3.0,Vbur_3.1,Vbur_3.2,Vbur_3.3,Vbur_3.4,Vbur_3.5,Vbur_3.6,Vbur_3.7,Vbur_3.8,Vbur_3.9,Vbur_4.0,Vbur_4.1,Vbur_4.2,Vbur_4.3,Vbur_4.4,Vbur_4.5,dVbur_3.0_3.1,dVbur_3.0_3.2,dVbur_3.0_3.3,dVbur_3.0_3.4,dVbur_3.0_3.5,dVbur_3.1_3.2,dVbur_3.1_3.3,dVbur_3.1_3.4,dVbur_3.1_3.5,dVbur_3.1_3.6,dVbur_3.2_3.3,dVbur_3.2_3.4,dVbur_3.2_3.5,dVbur_3.2_3.6,dVbur_3.2_3.7,dVbur_3.3_3.4,dVbur_3.3_3.5,dVbur_3.3_3.6,dVbur_3.3_3.7,dVbur_3.3_3.8,dVbur_3.4_3.5,dVbur_3.4_3.6,dVbur_3.4_3.7,dVbur_3.4_3.8,dVbur_3.4_3.9,dVbur_3.5_3.6,dVbur_3.5_3.7,dVbur_3.5_3.8,dVbur_3.5_3.9,dVbur_3.5_4.0,dVbur_3.6_3.7,dVbur_3.6_3.8,dVbur_3.6_3.9,dVbur_3.6_4.0,dVbur_3.6_4.1,dVbur_3.7_3.8,dVbur_3.7_3.9,dVbur_3.7_4.0,dVbur_3.7_4.1,dVbur_3.7_4.2,dVbur_3.8_3.9,dVbur_3.8_4.0,dVbur_3.8_4.1,dVbur_3.8_4.2,dVbur_3.8_4.3,dVbur_3.9_4.0,dVbur_3.9_4.1,dVbur_3.9_4.2,dVbur_3.9_4.3,dVbur_3.9_4.4,dVbur_4.0_4.1,dVbur_4.0_4.2,dVbur_4.0_4.3,dVbur_4.0_4.4,dVbur_4.0_4.5,Pint_morfeus,Pint_C,Pint_C_max,Pint_C_min,C_area_morf,area_Pint,Volume_morf,Pint_max_morfeus,Pint_min_morfeus,Pint_C_times_C_area,Pint_times_area_Pint,Pint_dP_morfeus,C_nmr_para_xx,C_nmr_para_yy,C_nmr_para_zz,C_nmr_para_iso,C_nmr_dia_xx,C_nmr_dia_yy,C_nmr_dia_zz,C_nmr_dia_iso,C_nmr_total_xx,C_nmr_total_yy,C_nmr_total_zz,C_nmr_total_iso,77Se_nmr_para_xx,77Se_nmr_para_yy,77Se_nmr_para_zz,77Se_nmr_para_iso,77Se_nmr_dia_xx,77Se_nmr_dia_yy,77Se_nmr_dia_zz,77Se_nmr_dia_iso,77Se_nmr_total_xx,77Se_nmr_total_yy,77Se_nmr_total_zz,77Se_nmr_total_iso,nbo_C,nbo_lp_C_percent_s,nbo_lp_C_occ,nbo_lp_C_e,nbo_bd_e_max,nbo_bd_e_avg,nbo_bds_e_min,nbo_bds_e_avg,nbo_bd_occ_min,nbo_bd_occ_avg,nbo_bds_occ_max,nbo_bds_occ_avg,nbo_delta_lp_C_bds,somo_ra,nbo_C_ra,spindens_C_ra,E_ra,somo_rc,nbo_C_rc,spindens_C_rc,E_rc,Pint,Pint_dP,Pint_min,Pint_max,Volume,Area,Sphericity,efg_amp_C,efgtens_xx_C,efgtens_yy_C,efgtens_zz_C,nuesp_C,dipolemoment,fmo_e_homo,fmo_e_lumo,fmo_mu,fmo_eta,fmo_omega,qpole_amp,qpoletens_xx,qpoletens_yy,qpoletens_zz,E_singlet,E_solv_cds,Energy_Solvent,dipolemoment_triplet,fmo_e_homo_triplet,fmo_e_lumo_triplet,fmo_mu_triplet,fmo_eta_triplet,fmo_omega_triplet,qpole_amp_triplet,qpoletens_xx_triplet,qpoletens_yy_triplet,qpoletens_zz_triplet,Energy_triplet,Vmin,R(Vmin),X_Vmin,Y_Vmin,Z_Vmin,alpha_xx,alpha_xy,alpha_yy,alpha_xz,alpha_yz,alpha_zz,dE_AuCl,dE_H+,dE_triplet,E_oxidation,E_reduction,E_solv_total,E_solv_elstat,fukui_p,fukui_m,Bridge_distance,Bridge_dipole,Hirshfeld_Au,NHC-Au_distance,NHC-Au-Cl_angle
C1,OXZL,CC(C)(C)c1cc2c(c(C(C)(C)C)c1)OCN2c1ccccc1,20.8,47.97355469,358.1075473,0.133964098,6.344457634,20.2466223,51.26732878,126.471225,13.88229248,75.20389623,0,16.47509012,0,113.4517262,43.42282354,4.550731152,324.4988378,26.57996013,3.237249323,7.233956977,4.38,3.078500041,6.803115816,4.38,564.7534729,930.5458928,33.80078975,34.92748274,0.157791137,0.156367911,0.1534038,0.148767751,0.143212908,0.136019051,0.123940039,0.108003658,0.088204162,0.289313915,0.284857066,0.280428388,0.275903598,0.271401496,0.267034337,0.262793086,0.258619503,0.254723653,0.250922076,0.247350413,0.244204202,0.241421175,0.238914906,0.236608594,0.234575808,0.241741717,0.238835244,0.235389043,0.232094333,0.22914151,0.236110365,0.232504189,0.229263907,0.226453709,0.223818403,0.229116499,0.2261455,0.223609357,0.221183526,0.218662358,0.223349214,0.221093916,0.218838196,0.216411123,0.21452594,0.218967456,0.216772282,0.214352743,0.212617669,0.210706083,0.214699029,0.212234057,0.210727606,0.208912032,0.207400201,0.209902293,0.208899959,0.207184113,0.205809053,0.205251453,0.207950367,0.205930413,0.204583258,0.204233859,0.204248276,0.204014024,0.203026966,0.203117769,0.203435458,0.203702504,0.20208925,0.202702684,0.203261249,0.203633883,0.203781937,0.2032862,0.203805076,0.204100151,0.204155968,0.204434804,19.20557623,20.10350585,37.5593977,14.52153429,19.18502819,418.6416577,429.4562597,48.56021094,9.381406333,385.6863265,8040.254271,6.732916888,-624.539,-153.289,-253.689,-343.839,274.669,234.491,247.192,252.117,-349.87,81.202,-6.497,-91.722,-1939.091,-1159.82,-1496.231,-1531.714,2995.049,2993.874,3009.356,2999.426,1055.958,1834.054,1513.125,1467.712,0.26929,55.03,1.92569,-0.27285,-0.35194,-0.62514,0.00372,0.28646,1.86897,1.943146667,0.25522,0.09748,0.27657,0.0654,0.15282,0.16013,-944.4695976,-0.39127,0.75373,1.01732,-944.1952043,18.94,4.85,11.89,35.91,424.0679,369.6766,0.73839,1.026835088,-0.607029,-0.197316,0.804346,-14.725549,3.853502236,-0.2405,-0.02866,-0.13458,0.21184,0.042748717,9.98052822,6.191795858,1.492317406,-7.684113264,-944.4903361,-6.26,-944.5145138,1.539624942,-0.12661,-0.12235,-0.12448,0.00426,1.818693709,7.781338981,4.655925714,1.415883443,-6.071809157,-944.3755675,-0.119025,1.36281,-0.085,0.02,1.36,311.925,4.753,190.436,26.378,-14.309,285.175,-3.535581062,-11.3588366,3.123005625,0.2951318,0.0207385,-0.0241777,6.2358223,0.11647,0.48444,1.398616871,0.185904155,-0.192214,1.956833881,179.0969329
C2,OXZL,c1ccc(N2COc3ccccc32)cc1,20.2,47.96623336,220.1891968,0.217840993,6.339228111,20.2685863,16.95245485,91.0724849,13.90425648,74.00272826,0,16.4928705,0,80.37239636,43.43014487,4.536088486,187.0611944,26.89569966,2.073077221,7.232499845,4.38,2.073077221,6.802659044,4.38,385.962848,581.9118592,33.72078788,34.84481414,0.12882018,0.127191487,0.123657826,0.117852492,0.110123363,0.099955367,0.08717325,0.071903666,0.054066135,0.289239422,0.284764361,0.280298155,0.275792214,0.271426936,0.267121692,0.262857265,0.258678507,0.254796185,0.250972371,0.247237912,0.243589006,0.240033178,0.236380281,0.232705789,0.229164858,0.241472835,0.238444099,0.235166209,0.232339069,0.229504136,0.235604595,0.232302267,0.229659331,0.226951045,0.224159709,0.229200017,0.226951398,0.224402157,0.221706409,0.219068071,0.224835012,0.222210687,0.219490974,0.216886219,0.214947528,0.219736281,0.217043562,0.214527986,0.212809093,0.210805186,0.214500399,0.212136777,0.210747162,0.208865698,0.206882074,0.209900887,0.209019924,0.207183253,0.205221276,0.203212634,0.208185316,0.205929804,0.203819882,0.201749258,0.199732695,0.203789934,0.20180216,0.199816471,0.197876866,0.195360696,0.199913753,0.197976231,0.196096419,0.193503909,0.190813063,0.196133202,0.194325113,0.19156901,0.188802096,0.186522444,18.65213655,18.51735489,34.80396606,13.31218025,19.18502819,254.4344519,241.7466044,45.03931356,9.148623482,355.2559756,4745.746139,6.158893903,-632.929,-154.754,-255.46,-347.715,273.16,234.919,247.739,251.939,-359.769,80.165,-7.721,-95.775,-1960.248,-1158.449,-1597.696,-1572.131,2995.356,2994.381,3008.907,2999.548,1035.108,1835.932,1411.211,1427.417,0.27346,55.4,1.9276,-0.27891,-0.35711,-0.629406667,-0.00244,0.27802,1.86567,1.94207,0.2517,0.09614,0.27647,0.0668,0.04861,0.36372,-630.2205638,-0.4129,0.78134,1.05848,-629.9317943,18.27,4.2,10.84,31.71,243.89464,232.42399,0.812216,1.038544423,-0.61718,-0.195001,0.812181,-14.719487,3.901510279,-0.24565,-0.03465,-0.14015,0.211,0.046545077,10.15163372,6.639169242,0.977962053,-7.617131295,-630.2369929,-4.23,-630.2569127,1.915021159,-0.13292,-0.12638,-0.12965,0.00654,1.285101109,8.50693866,5.566783556,0.814134221,-6.380917777,-630.1243524,-0.115382,1.36812,-0.09,0.02,1.365,192.82,5.451,104.978,33.835,-15.111,176.541,-3.482012277,-11.11275344,3.065097205,0.3051986,0.0164291,-0.0199198,4.2100802,0.22485,0.50788,1.403400012,0.211787096,-0.186672,1.954646601,178.8643624
C3,AIZL,c1ccc(N2CN(c3ccccc3)c3ccccc32)cc1,30.2,59.66572282,308.4122761,0.19346092,9.981068118,19.96004443,59.67376746,91.09958985,5.258808603,31.42582239,0,16.36840784,0,81.36792807,55.31266765,4.353055172,276.2317938,26.14666398,2.836650511,7.239245226,4.38,2.836650511,6.808546152,4.38,504.0347343,793.5085974,20.33047502,21.00815752,0.183469047,0.182225709,0.179074937,0.172605586,0.162912773,0.14780402,0.126304111,0.100549907,0.071522635,0.344196961,0.341980178,0.339477232,0.336962575,0.334550219,0.332224888,0.329892607,0.327560774,0.325542177,0.323422411,0.321352647,0.319279752,0.317205812,0.315078218,0.312781466,0.31051092,0.320535129,0.317384191,0.315106426,0.313381328,0.311862938,0.31443012,0.312641162,0.311282489,0.310013039,0.308540644,0.310960592,0.309848814,0.308711995,0.30727819,0.305728037,0.308802416,0.307684926,0.306189513,0.304601239,0.303867246,0.306631275,0.30499288,0.303354841,0.302799882,0.301570434,0.303445483,0.30185058,0.301659438,0.300471415,0.299286501,0.300341867,0.300837501,0.299583399,0.298379842,0.297040663,0.301307055,0.299233572,0.297792278,0.296318367,0.294824334,0.297266397,0.296167733,0.294820234,0.29340101,0.291770796,0.29512399,0.293687335,0.292237128,0.290560228,0.288377436,0.292320747,0.290897575,0.289182594,0.286886659,0.284930438,19.70099699,23.93159878,39.10101485,17.66810064,16.88682169,349.1919146,341.0286545,45.30046604,9.274524172,404.1286414,6879.428857,6.638561287,-243.333,-131.199,-605.268,-326.6,245.116,234.757,278.559,252.811,1.783,103.558,-326.708,-73.789,-1493.006,-1033.966,-1835.725,-1454.232,3009.592,2993.981,2995.953,2999.842,1516.586,1960.015,1160.228,1545.61,0.14665,50.36,1.91782,-0.24868,-0.70353,-0.70353,0.4654,0.465405,1.97387,1.97387,0.01677,0.01677,0.71408,0.05913,0.11609,0.02907,-841.2414549,-0.38014,0.66,1.02171,-840.9771745,19.38,4.53,11.96,35.23,346.94348,316.18232,0.755183,1.004203087,-0.622197,-0.151357,0.773554,-14.750844,1.592731288,-0.22993,-0.02759,-0.12876,0.20234,0.040968512,14.69097544,10.01315111,0.713125784,-10.72627689,-841.2573446,-10.46,-841.2900818,0.947896653,-0.11333,-0.12286,-0.118095,-0.00953,-0.731711911,13.61230755,9.091048712,0.991811063,-10.08285978,-841.1401792,-0.125693,1.35546,0,0.035,1.355,319.211,0.16,161.265,0.029,-28.352,236.394,-3.695948255,-11.74304674,3.188225728,0.2801701,0.0158897,-0.0327372,10.4272628,0.03056,0.51335,1.4139,0,-0.195355,1.973482764,178.9391955
C4,THZL,c1ccc(N2CSc3ccccc32)cc1,25.7,55.77495751,233.2520036,0.239118878,7.694720543,22.94401041,19.55775133,97.47246152,15.24824396,77.86721539,0,17.13714776,0,80.28945006,48.01016135,7.764796155,193.3270683,39.92493528,2.143162552,6.7744952,4.38,2.143162552,6.598220659,4.38,398.0733125,606.53909,28.24065984,29.18201517,0.156587792,0.155045468,0.151131297,0.144518628,0.134422882,0.119796822,0.10040445,0.079657396,0.061029298,0.327091403,0.323649879,0.320294785,0.317045834,0.313638445,0.310351053,0.307034058,0.303619896,0.300378074,0.296988164,0.293661939,0.290113685,0.286606331,0.282947016,0.279092576,0.275318036,0.290356733,0.288479821,0.286696683,0.284117161,0.281879276,0.286720177,0.285034593,0.282286546,0.280070916,0.277683218,0.283451134,0.280267127,0.278112387,0.275746076,0.273069002,0.277270359,0.275673861,0.273468127,0.270833274,0.268744099,0.274168566,0.271726817,0.268923531,0.266900065,0.264291554,0.269420685,0.266515455,0.264736539,0.262146649,0.259789951,0.263767225,0.262580897,0.259974721,0.257690446,0.254657279,0.261456993,0.258225513,0.255870645,0.252664042,0.249832781,0.255159713,0.253288612,0.250023465,0.247280608,0.244121077,0.251511046,0.247644701,0.244908181,0.241689493,0.238050691,0.24396692,0.241844342,0.238724723,0.235076374,0.232036568,19.48893495,21.90223452,40.85658803,15.75928954,17.28650978,265.8513643,256.8901175,44.23276465,9.237020005,378.6131912,5181.159945,6.439574575,-746.315,-106.072,-308.335,-386.907,273.318,239.399,252.873,255.197,-472.997,133.328,-55.463,-131.71,-2295.599,-1226.304,-2518.529,-2013.477,2994.904,2993.503,3009.3,2999.236,699.305,1767.199,490.771,985.758,-0.15489,51.93,1.91487,-0.27352,-0.35821,-0.551106667,-0.01327,0.223693333,1.88149,1.93988,0.3058,0.115486667,0.26025,0.06103,-0.41192,0.47739,-953.1276046,-0.40681,0.32253,1.01669,-952.8512551,19.05,4.39,11.97,34.8,259.23575,243.22037,0.808377,1.010479513,-0.651071,-0.113343,0.764414,-14.741436,3.534535439,-0.23419,-0.03822,-0.136205,0.19597,0.04733327,9.373534459,6.529781204,0.192426595,-6.722207799,-953.1391665,-5.46,-953.1602294,2.292309544,-0.13402,-0.12164,-0.12783,0.01238,0.659955933,8.562416898,6.09502426,-0.081791134,-6.013233126,-953.0424094,-0.114401,1.37538,-0.03,0.01,1.375,209.723,4.698,117.308,28.509,-11.479,195.772,-3.523098955,-11.33368651,2.632888853,0.2879114,0.0115619,-0.0210629,5.4389371,0.25703,0.47742,1.415069498,0.490236677,-0.182435,1.961059093,179.1495253
C5,TRZL,c1ccc(C2=NN(c3ccccc3)CN2c2ccccc2)cc1,29,58.8969829,336.9639367,0.1747872,12.55713128,16.94156359,58.79669916,108.7105168,3.777807612,46.35579378,0.114003607,15.78479305,0.801722428,106.3418837,56.45793325,2.439049654,324.895477,12.06845964,2.634873758,7.353772787,4.38,2.634873758,6.892254724,4.38,541.4948501,861.6790805,21.24049628,21.94851282,0.172578322,0.171263834,0.167890059,0.161193944,0.151422889,0.137261035,0.117642995,0.094009935,0.069461161,0.34153382,0.339148463,0.33648189,0.333690688,0.330715122,0.327903699,0.325009627,0.322034065,0.319372416,0.316456545,0.313718112,0.310836092,0.308055065,0.305300917,0.302433957,0.299645602,0.316072631,0.312833813,0.309995426,0.30697448,0.304721761,0.309797353,0.307235667,0.304305191,0.302300462,0.300034231,0.304829187,0.301803636,0.300092266,0.29794143,0.295563485,0.298956006,0.29792863,0.295905111,0.293568172,0.292197568,0.296959945,0.294507891,0.29196972,0.290735873,0.28845659,0.292192026,0.289678631,0.28888323,0.286609991,0.284927245,0.287301061,0.287360523,0.284943271,0.28334352,0.281135644,0.287416857,0.283855793,0.282158363,0.279786664,0.277840502,0.280477307,0.279727864,0.27749527,0.27573795,0.273958058,0.279015886,0.276114192,0.274310912,0.272522003,0.27027444,0.273354015,0.272127726,0.270561735,0.268342855,0.26644226,19.91540023,23.54676904,38.6569821,17.55288764,16.98674371,380.9779764,371.8914352,44.9757752,9.241051873,399.9829309,7587.328879,6.690806283,-568.343,-119.908,-248.595,-312.282,278.4,236.152,248.403,254.318,-289.944,116.244,-0.192,-57.964,-1820.675,-1074.733,-1417.006,-1437.471,2995.844,2993.264,3010.326,2999.811,1175.168,1918.531,1593.32,1562.34,0.11077,50.91,1.90908,-0.25481,-0.34811,-0.593986667,0.00807,0.30912,1.8411,1.93144,0.31244,0.119003333,0.26288,0.04219,0.06695,-0.01911,-934.6325166,-0.3825,0.30983,0.2794,-934.3477926,19.5,4.52,11.96,35.08,378.10805,343.77925,0.735555,0.95031325,-0.571337,-0.169006,0.740342,-14.750833,2.855150326,-0.23456,-0.04809,-0.141325,0.18647,0.053554876,17.10757195,10.8440116,2.202957688,-13.04696929,-934.6302277,-11.06,-934.664924,1.19252988,-0.11536,-0.17559,-0.145475,-0.06023,-0.175684672,17.44479613,11.76906288,1.063657179,-12.83272006,-934.5002847,-0.097399,1.37047,0.245,0.25,1.325,304.663,-19.257,162.872,-44.947,-21.445,325.003,-3.581080029,-11.50989396,3.535921149,0.2824351,-0.0022889,-0.0346963,11.0253037,0.04382,0.19906,1.319211104,0.788373748,-0.190674,1.976067908,178.9760101
C6,IMZL,C1=CN(c2ccccc2)CN1c1ccccc1,35.3,59.85189385,256.0322858,0.233766978,9.909946601,19.90042786,54.88587344,72.54976326,5.316333359,16.43523424,0,16.15818101,0,64.11127985,55.05119149,4.800702364,226.5556327,25.22944892,2.64074819,7.286472905,4.38,2.64074819,6.842874103,4.38,446.214307,679.8596043,20.44047759,21.12182684,0.157340961,0.155920435,0.152105145,0.14446395,0.133205336,0.116140592,0.091251184,0.061230621,0.037362927,0.348145113,0.345578816,0.342794325,0.339614892,0.336381907,0.333115915,0.329972831,0.326774054,0.323919272,0.320999866,0.318241419,0.315502231,0.312854525,0.310167771,0.307433609,0.304709209,0.320752581,0.317747292,0.313843831,0.310568629,0.307554444,0.314929772,0.310706453,0.30758078,0.304739097,0.302405804,0.306739013,0.304233481,0.301737451,0.299721195,0.297422517,0.30187529,0.299452938,0.297646424,0.295416267,0.294130336,0.297168968,0.295709728,0.293500016,0.292455281,0.290793733,0.294331535,0.291815544,0.291052215,0.289409279,0.288052353,0.289435518,0.289543073,0.28793956,0.286683488,0.285179288,0.289644969,0.287249583,0.285859343,0.284248033,0.282768503,0.28497701,0.284109611,0.282627301,0.281258729,0.279537678,0.283285573,0.281539074,0.280139141,0.278339505,0.276320645,0.279877753,0.278679144,0.276846467,0.274781615,0.272780677,18.66444328,22.90324306,36.86179871,17.08485138,16.4871336,299.207292,285.3494296,42.58723817,9.136418612,377.6088283,5584.537529,5.97242663,-582.212,-114.241,-238.196,-311.55,275.686,232.465,245.906,251.352,-306.527,118.224,7.71,-60.198,-1850.651,-1005.092,-1157.97,-1337.905,2995.734,2993.632,3009.585,2999.65,1145.083,1988.539,1851.615,1661.746,0.1006,50.57,1.913,-0.24242,-0.3354,-0.578386667,0.01605,0.319433333,1.84383,1.932096667,0.35256,0.129983333,0.25847,0.06474,-0.00656,0.19153,-687.7069276,-0.39197,0.62217,1.02141,-687.4450264,18.42,3.94,11.77,32.04,288.77535,272.68777,0.774804,0.912223932,-0.534413,-0.182103,0.716515,-14.761079,2.192907422,-0.22537,-0.02675,-0.12606,0.19862,0.040003835,13.60670141,8.232225424,2.34484775,-10.57707317,-687.725964,-8.71,-687.7558527,1.25183125,-0.10265,-0.1255,-0.114075,-0.02285,-0.28475067,9.398817001,5.376280342,2.054284102,-7.430564443,-687.5999937,-0.0554938,1.3907,-0.25,0.25,1.345,127.217,-33.056,192.663,36.423,-33.536,259.805,-3.687497451,-11.74697276,3.42781872,0.2809376,0.0190364,-0.0298887,8.6801113,0.10716,0.52157,1.366880053,4.10E-05,-0.189277,1.97975409,179.1910725
C7,IMZL,Cc1cc(C)c(N2C=CN(c3c(C)cc(C)cc3C)[CH-]2)c(C)c1,43,64.37020196,360.989082,0.178316202,16.05254464,16.12889568,90.20273493,90.29180605,0.07635104,0.084010267,0,16.12889568,3.408994942,86.85345813,64.37020196,0,347.2852867,13.70379528,4.49354,8.229566188,4.38,4.49354,6.808228745,4.38,563.0836639,936.8340969,11.18026123,11.5529366,0.153474963,0.152171664,0.14921778,0.140247784,0.122030307,0.091530054,0.054332818,0.032855869,0.022731218,0.338731004,0.343151632,0.347375437,0.351449376,0.355118551,0.358600447,0.361902062,0.365038156,0.367919054,0.370737493,0.373172832,0.375554037,0.377424814,0.378966969,0.38018246,0.380986237,0.385916569,0.387840013,0.389873461,0.39107952,0.392394146,0.389643282,0.391670351,0.392594268,0.393775903,0.395023561,0.393574606,0.393938375,0.39499316,0.396176866,0.397398904,0.394280752,0.395641099,0.396946206,0.398222443,0.399177085,0.396923733,0.398166906,0.399391857,0.400236049,0.401408835,0.399341032,0.400525011,0.401221986,0.402382826,0.402748738,0.401645007,0.4020876,0.403291064,0.403491619,0.40416156,0.402506904,0.404050271,0.404044621,0.404712177,0.404197649,0.405514509,0.404755359,0.405374433,0.404568864,0.403575095,0.404034159,0.405309559,0.404284126,0.403147882,0.401843622,0.406522758,0.404400115,0.402880347,0.401359582,0.39942155,19.53275411,27.72150139,44.99772195,19.55674535,13.68931699,436.6253368,430.1409422,46.87325121,9.330831406,379.48842,8528.495343,7.121165954,-582.535,-106.189,-244.49,-311.072,274.874,235.807,243.913,251.531,-307.662,129.618,-0.577,-59.54,-1846.451,-1056.963,-1026.418,-1309.944,2992.996,2992.319,3008.272,2997.862,1146.545,1935.356,1981.854,1687.918,0.09525,49.47,1.91164,-0.23142,-0.32662,-0.571416667,0.02474,0.33591,1.86418,1.937106667,0.34968,0.129833333,0.25616,0.06983,0.08155,0.02093,-923.4037985,-0.36844,0.66204,1.06089,-923.161552,18.99,4.64,11.55,38.32,427.29677,377.84729,0.726085,0.91008939,-0.540743,-0.171023,0.711766,-14.772598,1.738020161,-0.21681,-0.01292,-0.114865,0.20389,0.032355604,10.14116024,7.013224251,0.305549952,-7.318774203,-923.4322779,-10.09,-923.4651786,0.378309048,-0.07698,-0.09816,-0.08757,-0.02118,-0.181031749,7.892228813,5.687367142,-0.219940244,-5.467426898,-923.2929932,-0.137036,1.35001,0,0,1.35,363.905,-0.033,259.418,-0.005,0.246,182.405,-3.910147203,-12.03633192,3.790121179,0.2707259,0.0284794,-0.0329007,10.0570993,0.0137,0.56679,1.37062,1.37E-05,-0.154908,1.970789588,179.9725338
C8,IMZL,CC(C)c1cccc(C(C)C)c1N1C=CN(c2c(C(C)C)cccc2C(C)C)C1,38.3,84.06249479,466.7381646,0.180106323,21.00490318,21.02059175,116.6687245,116.6993374,0.01568857,0.030612874,1.825103622,19.18189136,6.746057023,109.9532803,76.71919822,7.343296579,439.5906678,27.14749675,5.56792,7.215599067,4.38,5.56792,6.782829237,4.38,649.9332197,1165.656036,3.150073601,3.255076054,0.291995134,0.291521932,0.290876502,0.283309667,0.26621469,0.236386729,0.191805863,0.140871635,0.093373747,0.432443757,0.441225054,0.449079181,0.456184562,0.462526712,0.468126864,0.473237207,0.477824325,0.481835243,0.485506639,0.48847061,0.491041877,0.492909509,0.49418344,0.494892985,0.494963529,0.526174895,0.526949577,0.527909048,0.528540998,0.528816241,0.527675858,0.528696556,0.529235185,0.529379677,0.529784734,0.529655413,0.529945423,0.529881534,0.530236788,0.530489737,0.530218378,0.529984817,0.530408668,0.530669403,0.530518028,0.529764599,0.530495815,0.530803213,0.530582835,0.530632946,0.531186419,0.531280056,0.53082639,0.530821518,0.529759989,0.531368633,0.530660704,0.530712563,0.529449027,0.528351316,0.529990026,0.530409966,0.528874166,0.527691133,0.525515006,0.530808375,0.528358411,0.527000762,0.524532486,0.521687812,0.526030919,0.525237331,0.522642793,0.519678741,0.516419706,0.524482447,0.521070646,0.517761249,0.514295929,0.510283227,20.87187424,33.6059749,52.24772299,23.77600748,12.09056464,554.2381139,571.7978035,53.82625259,10.24165211,406.315212,11567.98821,7.905643453,-570.003,-107.161,-251.158,-309.441,273.942,235.196,243.123,250.753,-296.061,128.035,-8.035,-58.687,-1878.446,-1061.587,-1379.475,-1439.836,2992.382,2992.974,3008.832,2998.063,1113.936,1931.387,1629.358,1558.227,0.09726,49.34,1.91067,-0.23557,-0.33321,-0.57708,0.01855,0.33104,1.86358,1.9362,0.35285,0.131096667,0.25412,0.06619,0.08832,-0.00634,-1159.081725,-0.36576,0.671,1.06021,-1158.835461,19.87,5.02,12.88,37.72,566.03923,459.29844,0.720477,0.900867208,-0.534202,-0.170794,0.704996,-14.768214,1.965382075,-0.22201,-0.01369,-0.11785,0.20832,0.033334827,7.12178024,4.114042024,1.501893227,-5.615935251,-1159.108009,-10.83,-1159.142045,0.788774653,-0.08246,-0.10485,-0.093655,-0.02239,-0.195874476,5.074043494,2.660791796,1.419713,-4.080504797,-1158.969017,-0.130312,1.36,0,0,1.36,385.811,0.022,369.93,-0.011,-0.052,246.621,-3.981538507,-11.9905899,3.782148261,0.2725484,0.0262841,-0.0340362,10.7959638,0.00894,0.57374,1.37074,4.11E-05,-0.123508,1.974914753,179.9917809
C9,IMZL,C1=CN(C2CCCCC2)CN1C1CCCCC1,44.6,49.06129553,270.9877448,0.181046178,12.25591074,12.27473702,67.68201756,67.82310057,0.018826284,0.141083009,0,12.27473702,0,67.82310057,49.06129553,0,270.9877448,0,3.26527,7.524129767,4.38,3.26527,7.114539881,4.38,482.2311551,760.4803059,21.91051194,22.64086233,0.149613112,0.148199705,0.145417807,0.140660523,0.132949971,0.118169596,0.093120724,0.061746608,0.038497553,0.285635802,0.28265743,0.279884476,0.277407273,0.275160273,0.273137579,0.271024089,0.269476241,0.268246355,0.267150617,0.266409596,0.266045474,0.265849922,0.265584521,0.26529493,0.26514469,0.253844805,0.252962531,0.252547671,0.252172685,0.25188076,0.25213538,0.251958622,0.251682105,0.251461802,0.250474497,0.251792572,0.251475649,0.2512634,0.250118474,0.250406794,0.251177362,0.251021696,0.249623537,0.250108376,0.250859721,0.250874923,0.248911932,0.249791231,0.250791023,0.251421838,0.247057967,0.249293691,0.25076605,0.251540607,0.252754577,0.251408596,0.252472508,0.252879062,0.25399644,0.255612856,0.253480438,0.253557282,0.254771417,0.25653274,0.258011906,0.253630187,0.255368113,0.257449364,0.25900682,0.25965555,0.257019161,0.25921815,0.260625743,0.260982814,0.261039083,0.261309893,0.262299258,0.262179296,0.26192736,0.262160211,17.40927156,22.5100886,37.47501413,16.60725197,17.3864318,353.0819815,349.3705692,38.38437745,9.44947714,391.3701203,6146.9001,5.462998268,-529.598,-133.416,-242.618,-301.877,275.997,232.397,245.089,251.161,-253.601,98.981,2.471,-50.716,-1747.262,-876.456,-1026.753,-1216.823,2995.29,2992.897,3010.11,2999.432,1248.029,2116.441,1983.356,1782.609,0.06629,48.98,1.91117,-0.22397,-0.31582,-0.56231,0.03336,0.34875,1.86052,1.93836,0.36152,0.13076,0.25733,0.10699,0.05048,-0.00112,-694.9075361,-0.42493,0.62906,1.06107,-694.7107216,17.58,3.55,11.64,32.62,337.69494,305.32881,0.768067,0.8683377,-0.514592,-0.16508,0.679672,-14.781897,2.062044696,-0.21041,0.03728,-0.086565,0.24769,0.01512677,8.618824384,6.889551373,-2.202749804,-4.686801569,-694.9811793,-9.94,-695.0106203,0.402626337,-0.06162,-0.0921,-0.07686,-0.03048,-0.096907146,6.743565989,4.857242507,-0.182905875,-4.674336632,-694.8335837,-0.139415,1.34001,0,0,1.34,249.596,0.022,160.247,0.002,-0.026,161.391,-3.875343266,-12.00870089,4.016271777,0.2704577,0.0736432,-0.029441,9.910559,0.01581,0.56277,1.37164,0,-0.163619,1.983707266,179.9945422
C10,IMZL,FC(F)(F)N1C=CN(C(F)(F)F)C1,23.7,60.05898297,169.8829792,0.353531491,12.50379014,17.5272702,34.6731589,50.27998059,5.023480055,15.60682169,0,15.9312197,0,47.62278902,56.87001968,3.188963292,164.5534005,5.329578665,2.557146936,4.723352868,4.38,2.557146936,4.723352868,4.38,322.4765837,461.5855054,19.81046287,20.47081163,0.278039362,0.277091261,0.275647912,0.274333558,0.269600162,0.260199374,0.246470468,0.228216561,0.204912115,0.343060936,0.342199299,0.340955752,0.339259857,0.33710059,0.33460096,0.331657539,0.328440917,0.325052586,0.321263915,0.317159084,0.312764427,0.308158747,0.303205336,0.297802823,0.292240144,0.333863866,0.331101388,0.327776237,0.324021159,0.320212339,0.328511508,0.325011745,0.321133427,0.317300278,0.313036159,0.321724022,0.317772877,0.313998029,0.309718899,0.305511865,0.314054084,0.310469105,0.306169665,0.302020677,0.298088407,0.307088925,0.302558833,0.298450629,0.294635399,0.290165005,0.298280346,0.294484654,0.29092851,0.286489785,0.2817593,0.290894083,0.287545198,0.282969283,0.278157705,0.27317417,0.284372529,0.279314146,0.274343566,0.269297091,0.264320352,0.274515108,0.269708138,0.264769845,0.259917763,0.25454277,0.265141464,0.260256495,0.255522449,0.250143276,0.243996964,0.255609769,0.251059066,0.245615868,0.239324693,0.233445226,15.30263296,18.96243336,33.23775494,13.93852193,18.08588595,184.9211728,161.4912994,35.51421931,8.991425514,342.9524072,2829.780834,5.091394282,-629.405,-87.361,-239.116,-318.627,275.763,234.044,244.836,251.548,-353.642,146.683,5.72,-67.08,-2049.358,-1065.897,-1737.704,-1617.653,2994.887,2992.643,3008.773,2998.768,945.529,1926.746,1271.069,1381.115,0.15336,51.63,1.91334,-0.28404,-0.38092,-0.629213333,-0.02251,0.278453333,1.86493,1.940706667,0.32093,0.116386667,0.26153,0.1174,-0.34226,0.78179,-899.6944542,-0.51383,0.71672,1.08508,-899.4063884,15.36,3.54,11.18,29.23,169.35598,176.29023,0.839698,0.995853752,-0.596237,-0.18067,0.776907,-14.716612,3.798672724,-0.26652,-0.01577,-0.141145,0.25075,0.039724648,4.674885078,3.769255406,-1.363273337,-2.405982069,-899.7445621,-1.6,-899.7559775,2.017806208,-0.13367,-0.14043,-0.13705,-0.00676,-1.389253143,6.330571493,5.167356678,-2.474653422,-2.692703256,-899.6146406,-0.0992961,1.38001,0,0,1.38,91.954,0.029,53.995,0.002,-0.001,76.129,-3.191678029,-10.34532829,3.535336105,0.3381737,0.0501079,-0.0114154,1.5885846,0.49562,0.56336,1.361980248,0.000108958,-0.228023,1.964020511,179.9890973
C11,IZLD,Cc1cc(C)c(N2CCN(c3c(C)cc(C)cc3C)C2)c(C)c1,34.6,66.60530021,363.3501,0.183308881,16.00547893,17.29298756,83.81350148,97.86863482,1.28750863,14.05513334,0,17.28252851,3.217171835,92.96695262,66.58438211,0.020918093,347.1194783,16.23062178,4.484650828,8.254466436,4.38,4.484650828,6.817777113,4.38,563.8035712,944.1763964,9.960232719,10.29224048,0.15326539,0.151967333,0.14869053,0.13912172,0.120374851,0.089450265,0.052875363,0.032054611,0.022720114,0.352139824,0.356534857,0.360590182,0.364502116,0.367749568,0.370900112,0.37381803,0.376755369,0.379333793,0.381764686,0.383945751,0.385882861,0.387415048,0.388588581,0.389491156,0.389976446,0.399052194,0.400146295,0.401850431,0.402003718,0.402807373,0.401172038,0.403121156,0.40286966,0.403608405,0.404347707,0.404952183,0.403642888,0.404326032,0.405028437,0.406372415,0.402410588,0.404040032,0.405050981,0.406678253,0.407483038,0.405576391,0.406260203,0.407944376,0.408580092,0.409286556,0.406906035,0.409031554,0.409474167,0.41009226,0.410422996,0.411042209,0.41065602,0.411043624,0.411189695,0.411164547,0.410290151,0.411044276,0.411233862,0.411191314,0.410455146,0.411759736,0.41167005,0.411461939,0.410491372,0.409202697,0.411584847,0.411324019,0.410109462,0.408639434,0.407211103,0.411075913,0.409424859,0.407750321,0.406244643,0.40420555,19.46402059,28.67234873,44.29866009,20.089003,13.58939497,438.0351847,438.2942635,45.50308241,9.338491124,389.6398717,8525.925854,7.064169143,-641.087,-111.109,-259.907,-337.368,278.375,236.364,240.352,251.697,-362.712,125.255,-19.554,-85.671,-1893.529,-1076.517,-1215.92,-1395.322,2993.449,2992.2,3007.892,2997.847,1099.92,1915.683,1791.971,1602.524,0.19643,45.24,1.87787,-0.2206,-0.70229,-0.702295,0.53146,0.531465,1.97723,1.97723,0.01933,0.01933,0.75206,0.07229,0.18278,0.02042,-924.599987,-0.36557,0.78086,0.98213,-924.3652162,19.02,4.71,11.54,38.69,434.34,381.66616,0.726698,1.103046553,-0.74351,-0.068416,0.811926,-14.76744,2.148971574,-0.2107,-0.0099,-0.1103,0.2008,0.030294049,7.504295138,4.124681613,1.861620706,-5.986302319,-924.6312212,-10,-924.6639371,0.940360912,-0.0853,-0.08856,-0.08693,-0.00326,-1.159022224,5.270723317,2.8353331,1.386067888,-4.221400989,-924.5051022,-0.135584,1.35001,0,0,1.35,364.111,0.508,263.711,0.019,-0.091,187.066,-3.928854716,-12.00214233,3.431865043,0.266005,0.0312342,-0.0327159,9.9672841,0.01365,0.58443,1.542679445,0,-0.142597,1.972967186,179.9947731
C12,IZLD,c1ccc(N2CCN(c3ccccc3)C2)cc1,27.1,61.51801997,257.8573525,0.238573845,11.7967586,19.07311728,41.81773318,98.95448803,5.143759091,57.13675484,0,16.4939164,0.009248755,82.05187393,55.99041387,5.527606099,230.2272099,27.63014258,2.464529048,7.323553007,4.38,2.464529048,6.875774572,4.38,450.0437266,689.6769861,18.91044184,19.5407899,0.156013958,0.154555758,0.150352956,0.142223852,0.130625929,0.11385147,0.090338204,0.061119793,0.037699982,0.359868519,0.356871966,0.353511675,0.349903932,0.34605551,0.342253308,0.338519382,0.334616671,0.330945819,0.327274175,0.323769474,0.320283494,0.31694828,0.313614737,0.310172826,0.306847538,0.327883456,0.323755296,0.319799439,0.315744129,0.312293579,0.31988506,0.316128353,0.312182596,0.30896804,0.306100655,0.312599253,0.308674298,0.30575245,0.303145862,0.299998191,0.304980154,0.302625105,0.300351031,0.29728463,0.294964951,0.300404592,0.298231028,0.295001537,0.292798894,0.290392756,0.296178186,0.29252091,0.290534999,0.288218573,0.286254948,0.289061276,0.287938006,0.285841941,0.284091678,0.282070442,0.286873842,0.284357094,0.282603442,0.280540862,0.278759374,0.281969382,0.280629645,0.27863903,0.276977788,0.275011485,0.27935688,0.277096636,0.275474801,0.273478804,0.270952454,0.274946624,0.273673452,0.271704426,0.269095339,0.266921127,18.57781837,23.14414037,37.42189991,18.14767394,15.78767945,306.8195382,294.3825637,41.50687185,9.14363405,365.3922693,5700.037653,6.015951872,-658.995,-110.712,-245.049,-338.252,276.797,230.89,241.965,249.884,-382.198,120.179,-3.084,-88.368,-1943.342,-982.965,-1547.623,-1491.31,2996.311,2993.317,3009.62,2999.749,1052.969,2010.351,1461.997,1508.439,0.19705,46.95,1.88809,-0.239,-0.71328,-0.713285,0.49661,0.49662,1.98011,1.980115,0.01722,0.01722,0.73561,0.06465,0.01286,0.31748,-688.9110263,-0.38445,0.22934,-0.05075,-688.6635338,18.29,3.9,11.75,30.67,295.75896,276.9015,0.775266,1.107370425,-0.735883,-0.087022,0.822905,-14.748856,2.972078455,-0.2191,-0.02569,-0.122395,0.19341,0.038727408,6.302786716,3.80734173,1.09477405,-4.90211578,-688.9305442,-9.03,-688.9606121,2.110124468,-0.11781,-0.11468,-0.116245,0.00313,2.158610228,6.157093805,4.597878393,-0.538388779,-4.059489614,-688.8202787,,,,,,310.129,7.348,130.764,0.026,-0.02,168.569,-3.615176281,-11.60095696,3.000470309,0.2670104,0.0195179,-0.0300679,8.9999321,0.18419,0.03229,1.527443294,6.11E-05,-0.1608,1.982257024,179.9893904
C13,IZLD,CC(C)c1cccc(C(C)C)c1N1CCN(c2c(C(C)C)cccc2C(C)C)~C~1,34.3,86.11037611,468.9329069,0.183630483,20.97038832,22.08636859,109.344815,124.0062433,1.115980266,14.66142837,1.325161197,19.64522713,4.928224409,119.0779682,77.88642781,8.223948298,438.0945768,28.59098995,5.555795574,7.231362719,4.38,5.555795574,6.83078631,4.38,645.5330763,1169.112305,2.960069162,3.058738134,0.291965329,0.29149317,0.290543595,0.282343612,0.26459757,0.234093894,0.188820438,0.136795445,0.087870195,0.44514489,0.453639091,0.461336336,0.468248775,0.474254605,0.479599562,0.484270709,0.488612226,0.492275332,0.495486018,0.498021538,0.50012232,0.501682319,0.502618698,0.502956846,0.502670198,0.535811588,0.537128475,0.538049032,0.538133205,0.538199635,0.538363085,0.539065092,0.53881434,0.538709038,0.538379604,0.539724566,0.539019876,0.538810938,0.538383144,0.538585742,0.538356627,0.53839363,0.537986562,0.538340503,0.537875669,0.538428519,0.537817083,0.53833572,0.537771649,0.537178722,0.537239607,0.538293114,0.537576126,0.536907314,0.535410519,0.539289689,0.537730992,0.536808096,0.535011777,0.533339152,0.536254312,0.535663517,0.533730679,0.532037187,0.529932349,0.535103011,0.532564245,0.530770759,0.52854432,0.525657511,0.53015239,0.528764351,0.526569475,0.523576862,0.520090502,0.527444008,0.524906942,0.521591949,0.517867141,0.513638465,20.93236401,33.40380068,51.63861598,24.33199862,10.59173432,559.1475326,582.2748271,51.63861598,10.25364181,353.804182,11704.27969,7.854522717,-634.109,-112.497,-261.629,-336.079,277.17,235.349,239.51,250.676,-356.938,122.852,-22.119,-85.402,-1924.751,-1079.821,-1600.456,-1535.009,2992.525,2992.86,3008.363,2997.916,1067.774,1913.039,1407.907,1462.907,0.19994,45.28,1.8787,-0.22572,-0.70723,-0.707235,0.52543,0.525435,1.9759,1.9759,0.01975,0.01975,0.75115,0.07034,0.17491,0.03062,-1160.277715,-0.36294,0.7904,0.97761,-1160.040453,19.75,4.83,12.84,36.19,573.05958,457.27006,0.729644,1.096193738,-0.739615,-0.066711,0.806325,-14.762653,2.396669747,-0.21597,-0.01064,-0.113305,0.20533,0.031261927,5.475375634,2.863755334,1.541176017,-4.404931351,-1160.308233,-10.61,-1160.341565,1.376670893,-0.09179,-0.09434,-0.093065,-0.00255,-1.69825377,3.912361392,2.654046488,0.212559089,-2.866605577,-1160.183405,-0.128994,1.34501,0,0,1.345,387.3,3.339,373.803,0.003,-0.004,249.756,-3.996930593,-11.95561246,3.396729781,0.2677801,0.0305186,-0.0333315,10.5766685,0.02503,0.59046,1.540012239,0,-0.112507,1.97602268,179.9997132
C14,IZLD,C1CCC(N2CCN(C3CCCCC3)C2)CC1,38.2,52.07559275,273.4306025,0.190452686,12.74539412,13.28612683,61.65095928,75.06586918,0.540732706,13.4149099,0,13.28612683,0,75.06586918,52.07559275,0,272.6222056,0.808396969,3.303289,7.495070773,4.38,3.303289,7.106005804,4.38,485.6606577,770.0724083,19.43045399,20.07813579,0.153325367,0.151926886,0.149038474,0.143584986,0.134708742,0.118909975,0.093015737,0.061014422,0.037367753,0.300376192,0.298366707,0.2962631,0.294184395,0.291880788,0.289909849,0.288138585,0.286518567,0.2851418,0.283873726,0.283001521,0.28225644,0.281492481,0.280879459,0.280186522,0.279567558,0.278927048,0.277009722,0.275478061,0.273238402,0.272108825,0.275212188,0.273911819,0.271569421,0.270654403,0.270071226,0.272690235,0.269910224,0.269311915,0.268969222,0.268665122,0.267293694,0.267768834,0.267869129,0.267798338,0.267979733,0.26821683,0.268132662,0.267948055,0.268128108,0.268150041,0.268053168,0.267824656,0.268101699,0.268135537,0.268980476,0.267608494,0.268124033,0.268160131,0.269182629,0.269930486,0.268612446,0.268414562,0.269654032,0.270438534,0.270628974,0.268226823,0.270135458,0.270986919,0.271071716,0.27138552,0.271948682,0.272265209,0.271928324,0.272081316,0.271730259,0.2725663,0.271918878,0.272121353,0.271681995,0.271465306,17.35707136,23.21427073,38.39988015,17.2441561,16.28728956,360.3944153,357.7139293,39.6006321,9.445218303,378.0975493,6255.391586,5.421065607,-602.163,-138.391,-257.32,-332.625,277.991,232.595,241.603,250.73,-324.172,94.203,-15.716,-81.895,-1809.782,-949.785,-1285.213,-1348.26,2995.058,2992.306,3009.212,2998.859,1185.277,2042.521,1723.999,1650.599,0.16844,44.88,1.88548,-0.21424,-0.30996,-0.56407,0.05199,0.376036667,1.93304,1.964586667,0.28701,0.10785,0.26623,0.11048,0.07072,0.14432,-696.103345,-0.39634,0.73763,0.96436,-695.9129273,17.56,3.57,11.63,32.1,344.94108,308.90641,0.769994,1.082033945,-0.735839,-0.055525,0.791363,-14.776756,2.43970767,-0.20366,0.03535,-0.084155,0.23901,0.014815414,4.782997788,3.757078994,-0.955608299,-2.801470695,-696.1782139,-9.95,-696.2059604,0.988141736,-0.07584,-0.08211,-0.078975,-0.00627,-0.497372458,3.791266079,2.157250857,0.844016191,-3.001267047,-696.0499707,-0.138936,1.34001,0,0,1.34,247.028,10.955,166.73,-0.001,-0.017,165.434,-3.902406452,-11.9767906,3.489667339,0.2652866,0.0748689,-0.0277465,9.9222535,0.09772,0.56919,1.536907868,1.54E-05,-0.150042,1.985347857,179.9954964
C15,AIZL,CN1CN(C)c2ccccc21,34.6,47.45583189,171.8350566,0.27617084,9.27822019,14.4491728,26.36916436,57.21770491,5.170952612,30.84854055,0,14.16364083,0,56.98971737,46.88476795,0.571063941,166.7200562,0.45597508,2,4.227029729,4.38,2,4.227029729,4.38,331.3327093,484.0942026,30.08070283,31.08339293,0.232387803,0.230991212,0.228290791,0.224956833,0.220507431,0.213628951,0.204649778,0.194335832,0.183091285,0.284024881,0.280255529,0.276521419,0.272506405,0.268310522,0.264134132,0.259969194,0.255570962,0.251214913,0.246999061,0.24262926,0.238152972,0.233732006,0.229224791,0.224595501,0.219960273,0.243790996,0.241397727,0.237707383,0.233826802,0.230304196,0.239153987,0.234944713,0.230903427,0.227427273,0.224134614,0.230990467,0.227145485,0.223973189,0.220915095,0.217186585,0.223526611,0.220767978,0.217936379,0.214214004,0.210805494,0.218166937,0.215376218,0.211451158,0.208054209,0.205149166,0.212740497,0.208367839,0.205044077,0.20232221,0.198983277,0.204231482,0.201502188,0.199211451,0.195984196,0.192437379,0.198916506,0.196896072,0.193514397,0.189856854,0.186528736,0.194979228,0.19101752,0.187136186,0.183808919,0.180243992,0.187253856,0.183503817,0.180445498,0.176998124,0.173214996,0.179936669,0.177286307,0.173902291,0.170112848,0.166474,16.99620142,18.93503241,35.17040763,14.07600447,17.68619787,216.9478961,199.2389181,42.13579241,8.979697285,334.8887299,3687.290141,5.900638017,-577.38,-148.328,-249.148,-324.952,278.94,238.051,246.279,254.423,-298.439,89.723,-2.869,-70.528,-1779.418,-891.104,-1422.098,-1364.207,2995.343,2994.221,3010.477,3000.014,1215.925,2103.117,1588.379,1635.807,0.11418,49.62,1.92512,-0.24388,-0.70139,-0.7014,0.48042,0.48043,1.97829,1.978295,0.01473,0.014725,0.7243,0.09361,-0.09529,0.29211,-458.0509868,-0.41091,0.66308,1.06085,-457.8006795,16.82,4.19,10.32,31.25,199.25238,196.05537,0.841475,0.981238812,-0.61408,-0.138599,0.752679,-14.758827,1.653364091,-0.22559,-0.02144,-0.123515,0.20415,0.037364573,9.50179305,7.360268838,-1.556018669,-5.804250168,-458.0872925,-6.26,-458.1099114,2.354869035,-0.1015,-0.12019,-0.110845,-0.01869,-0.328694864,10.61986361,8.624477412,-3.534714722,-5.08976269,-457.9629999,-0.127135,1.34501,0,0,1.345,137.272,-0.01,71.468,0,0.004,152.762,-3.69311278,-11.56054977,3.38216628,0.286613,0.0363057,-0.0226189,6.2373811,0.20947,0.5489,1.415580001,0,-0.204822,1.976767158,179.9947931
C16,AIZL,Cc1cc(C)c(N2CN(c3c(C)cc(C)cc3C)c3ccccc32)c(C)c1,37.1,64.23318845,413.62644,0.155292753,16.00757074,16.10588577,103.3763744,103.4404028,0.098315038,0.064028389,0,16.10588577,3.465663579,99.96051066,64.23318845,0,399.7343123,13.8921277,4.49262,8.241694183,4.38,4.49262,6.820629045,4.38,614.7541584,1047.222969,11.27026333,11.64593877,0.174660948,0.173504785,0.170964122,0.162873076,0.14632041,0.118740254,0.08393407,0.058028617,0.040936487,0.338591329,0.34300836,0.347168597,0.351122188,0.354686069,0.358058843,0.361190741,0.364226851,0.367112135,0.369895051,0.372311619,0.374633041,0.376501712,0.378085766,0.379297437,0.38012602,0.385738509,0.387318778,0.388979766,0.3900045,0.391168945,0.388800312,0.390451675,0.391256091,0.392327333,0.393308814,0.392002986,0.392374643,0.39336621,0.394275246,0.395480127,0.392724443,0.393988877,0.394947025,0.396228908,0.397459678,0.395181077,0.395964902,0.397268607,0.3984838,0.399761343,0.396705193,0.398227024,0.399466881,0.400755999,0.401238853,0.399666614,0.400737809,0.401965515,0.402227192,0.402801194,0.401752638,0.403025832,0.402994004,0.403487034,0.403032908,0.404233748,0.403567768,0.404007883,0.403314,0.402528434,0.402935081,0.403903278,0.40303706,0.402152788,0.400860946,0.404824255,0.40308438,0.401916643,0.400402627,0.398563685,20.45228996,28.6249033,47.33026869,20.04972358,13.88916104,486.8095221,486.0865079,49.44224334,9.426352951,397.5758916,9956.369503,7.677786988,-609.904,-119.627,-248.689,-326.074,277.11,236.436,242.238,251.928,-332.795,116.808,-6.452,-74.146,-1846.58,-1084.237,-1370.459,-1433.759,2993.739,2992.613,3008.531,2998.295,1147.159,1908.376,1638.072,1564.536,0.14621,49.35,1.91656,-0.24029,-0.69773,-0.69774,0.47921,0.479225,1.97249,1.97249,0.01859,0.01859,0.7195,0.0626,0.06833,0.11712,-1076.945983,-0.36482,0.69104,1.05143,-1076.696714,19.74,5.07,11.64,41.3,485.79567,419.98607,0.711571,1.005791886,-0.62926,-0.142352,0.771612,-14.758676,1.155450137,-0.22348,-0.02142,-0.12245,0.20206,0.037102847,12.42826537,9.376499261,-1.327916863,-8.048582398,-1076.968419,-11.27,-1077.003228,2.155364877,-0.10307,-0.11467,-0.10887,-0.0116,-0.510891246,16.35793208,11.38974518,0.346339996,-11.73608517,-1076.848837,-0.130936,1.36,0,0,1.36,404.024,0.062,274.517,-0.002,0.17,267.457,-3.886809084,-11.97290662,3.25399822,0.2717054,0.0224366,-0.0348083,11.2351917,0.07788,0.54483,1.41423,1.41E-05,-0.146443,1.965671584,179.9833457
C17,AIZL,CC(C)c1cccc(C(C)C)c1N1CN(c2c(C(C)C)cccc2C(C)C)c2ccccc21,33.2,83.03855414,519.1513314,0.159950575,20.73924339,20.77898777,128.9120621,128.9823068,0.039744377,0.067736548,1.697503254,19.05952052,6.001444043,122.9783546,76.1993836,6.839170536,491.6964207,24.0968506,5.54784,7.225918722,4.38,5.54784,6.793318982,4.38,690.2636577,1269.447997,3.400079442,3.513415424,0.313552839,0.313227065,0.313117294,0.306649145,0.291499785,0.264921242,0.225850609,0.180237712,0.12997612,0.427042983,0.435915588,0.443747319,0.451053965,0.45751501,0.463258246,0.468455845,0.473113838,0.477301987,0.481080673,0.484160667,0.486836235,0.488865923,0.490369046,0.491245531,0.491498242,0.521748745,0.521940293,0.523594698,0.524383079,0.524852711,0.522119873,0.524432976,0.525155961,0.52551483,0.525936235,0.526605935,0.526538831,0.526514809,0.526754302,0.526917703,0.526475673,0.526473186,0.526798166,0.52698484,0.527118474,0.526470841,0.526945858,0.527135899,0.527257497,0.527357208,0.527394492,0.527441237,0.527491651,0.527549693,0.526583922,0.527485457,0.527536364,0.527596034,0.526407217,0.525352091,0.527584592,0.527647035,0.526084319,0.524885314,0.522912875,0.527706275,0.525390887,0.524074705,0.521887169,0.519474614,0.523191242,0.522392806,0.520135015,0.517661349,0.514557699,0.52163331,0.518716874,0.515992075,0.512649957,0.508810861,21.8238173,34.37283799,54.58422772,24.13178505,12.98986284,608.3215697,627.4979573,56.31983058,10.38424857,446.498451,13275.8988,8.507524925,-597.955,-120.137,-252.201,-323.431,275.775,235.628,241.677,251.027,-322.18,115.49,-10.523,-72.404,-1875.344,-1085.871,-1681.66,-1547.625,2993.063,2993.228,3009.018,2998.436,1117.719,1907.357,1327.358,1450.811,0.14836,49.2,1.91549,-0.24341,-0.70201,-0.70201,0.4764,0.4764,1.97143,1.97143,0.01885,0.01885,0.71981,0.05955,-0.00342,0.22483,-1312.625161,-0.36223,0.70134,1.05393,-1312.370971,20.54,5.4,13.27,38.8,626.00492,500.68253,0.706817,0.995392601,-0.621583,-0.142672,0.764255,-14.755315,1.548698251,-0.22784,-0.02477,-0.126305,0.20307,0.039279443,8.362758792,5.940259213,-0.054163614,-5.886095599,-1312.644319,-12.12,-1312.680833,1.493878998,-0.10647,-0.11827,-0.11237,-0.0118,-0.535043089,12.73995761,7.638757057,2.295382544,-9.934139601,-1312.524351,-0.12533,1.34501,0,0,1.345,422.779,-0.028,385.137,0.009,-0.006,328.003,-3.964954021,-11.93538411,3.264488186,0.2733481,0.0191575,-0.0365143,12.0834857,0.15178,0.55298,1.413940009,1.41E-05,-0.117578,1.969588075,179.987269
C18,AIZL,c1ccc2c(c1)N(C1CCCCC1)CN2C1CCCCC1,34.4,60.44910541,323.6588868,0.186767946,12.55713128,17.66846733,79.24172465,80.17483292,5.106106523,0.909732298,0,16.60478229,0,80.17483292,58.32173534,2.127370067,304.0171283,14.72806427,3.267821187,7.502109217,4.38,3.267821187,7.119609151,4.38,536.9117857,870.0430405,13.57031707,14.02266097,0.17558578,0.174351443,0.171204357,0.164553183,0.153329985,0.134774775,0.108287333,0.077396635,0.048865633,0.341179976,0.340471615,0.339507875,0.338521943,0.337704793,0.33653443,0.335272976,0.334267564,0.33318978,0.332207283,0.331202284,0.330209383,0.329115829,0.327891466,0.326503668,0.325036905,0.333618968,0.331680773,0.330491629,0.330078822,0.328633343,0.329863675,0.329071454,0.329040186,0.32756984,0.326089895,0.32832723,0.328665105,0.326894194,0.325280956,0.324666527,0.32898311,0.326239641,0.324380346,0.323878217,0.323069795,0.323652897,0.322272415,0.322363707,0.321790881,0.321411672,0.320968607,0.321771821,0.321236638,0.320924965,0.320380237,0.322531628,0.321359986,0.320911934,0.320251972,0.319598692,0.320249994,0.320164887,0.319569288,0.318956972,0.317980741,0.320084143,0.319254663,0.31856867,0.317482511,0.31609,0.318466649,0.317866805,0.31669915,0.315210172,0.313422951,0.317296215,0.315879001,0.314227161,0.312308452,0.31049002,18.6344425,25.19071627,39.90273461,18.98830773,15.28806934,400.164861,402.8643961,47.1870078,9.557719127,385.1174171,7456.849094,6.341911047,-579.045,-124.951,-249.169,-317.722,278.806,234.994,243.731,252.51,-300.24,110.044,-5.438,-65.211,-1752.175,-1047.379,-1510.616,-1436.724,2995.407,2992.662,3009.654,2999.241,1243.232,1945.283,1499.038,1562.518,0.11728,48.44,1.91383,-0.23507,-0.69182,-0.69332,0.49081,0.49188,1.97526,1.976465,0.01738,0.015525,0.72588,0.08616,-0.07192,0.26498,-848.4767205,-0.3891,0.65648,1.03946,-848.2401731,18.63,4.34,11.77,35.75,394.47657,346.85402,0.749926,0.985547507,-0.617112,-0.138692,0.755805,-14.764658,0.949834271,-0.21878,-0.0176,-0.11819,0.20118,0.034717358,10.13830289,8.047276729,-2.343282534,-5.703994194,-848.511299,-11.35,-848.5424988,2.708462291,-0.09451,-0.11346,-0.103985,-0.01895,-0.28530027,13.12919263,10.5551263,-3.655887887,-6.899238418,-848.3881298,-0.129111,1.3351,0.015,0,1.335,281.361,0.01,177.316,-7.717,0.009,250.133,-3.8426629,-11.91792304,3.351597078,0.2711259,0.0345785,-0.0311998,11.3188002,0.1892,0.5392,1.418638428,0.009093472,-0.139159,1.984324,179.5477405
C19,AIZL,FC(F)(F)N1CN(C(F)(F)F)c2ccccc21,21.4,63.02516857,221.5923804,0.284419385,13.19513312,18.32006593,39.77661843,71.01499225,5.124932807,31.23837382,0,16.1780532,0,67.57628802,58.74532673,4.279841846,214.7220956,6.870284783,2.55893034,4.795199212,4.38,2.55893034,4.795199212,4.38,378.8076089,572.011447,17.46040796,18.04242156,0.278970039,0.278000902,0.276650047,0.274490608,0.267929155,0.256175591,0.239268975,0.21773408,0.188741711,0.361954336,0.360731864,0.359035055,0.35680274,0.354056426,0.351041278,0.34745101,0.343560695,0.339500073,0.334919025,0.330085035,0.324946035,0.319570423,0.313729947,0.307442314,0.301034973,0.348905728,0.34536991,0.341239007,0.336725188,0.332480488,0.342055005,0.337757423,0.333151564,0.328976755,0.323991187,0.333720218,0.329096248,0.325124578,0.320119068,0.315209349,0.324744195,0.321198435,0.31609798,0.311223148,0.306661099,0.317855233,0.312138267,0.307211748,0.302750142,0.29733839,0.306738825,0.30232516,0.298253994,0.292882926,0.287552541,0.298150012,0.294349278,0.288745742,0.283369922,0.277787172,0.290748536,0.284408231,0.278943758,0.273331826,0.267717244,0.278392998,0.27348754,0.268101482,0.262660571,0.256329569,0.268827303,0.263335145,0.25792348,0.251469451,0.244427003,0.258110844,0.252863925,0.246229746,0.239035301,0.232492891,17.25934761,20.16607692,35.59478633,14.82830563,17.48635382,231.8054043,215.7045476,42.44000056,9.272469689,352.6311563,4000.81005,6.059263139,-651.371,-99.864,-244.834,-332.023,279.138,235.567,243.544,252.75,-372.233,135.703,-1.29,-79.274,-2040.913,-1121.22,-2110.568,-1757.567,2995.602,2992.586,3008.675,2998.954,954.689,1871.367,898.107,1241.388,0.19519,51.12,1.91443,-0.28829,-0.75292,-0.752945,0.42285,0.42289,1.97695,1.976955,0.01231,0.012305,0.71114,0.0667,-0.09313,0.44218,-1053.262405,-0.4428,0.73017,1.08103,-1052.939769,17.13,4.41,11.65,32.53,226.54916,219.68688,0.818066,1.081478682,-0.67883,-0.149656,0.828486,-14.708864,4.113904175,-0.26936,-0.0485,-0.15893,0.22086,0.057182706,8.201518253,6.130907754,-0.732766912,-5.398140843,-1053.271507,-3.53,-1053.285591,1.341231099,-0.15059,-0.14825,-0.14942,0.00234,4.770584701,6.291690694,4.668527103,-0.477835015,-4.190692088,-1053.153858,-0.0959261,1.38501,0,0,1.385,132.644,0.004,73.037,0,-0.014,151.915,-3.160691214,-10.46170748,3.201366076,0.3317374,0.0091016,-0.0140847,3.5159153,0.28832,0.53498,1.416570001,2.83E-05,-0.225127,1.964864103,179.9970025
C20,IMZL,CC1=C(C)N(C)CN1C,44.7,47.33973647,153.6109086,0.308179523,11.24765865,12.41802596,35.75458582,39.50766885,1.170367308,3.753083032,0,12.41802596,0,39.50766885,47.33973647,0,150.5369815,0,2,4.218106316,4.38,2,4.218106316,4.38,314.7619842,454.3068298,30.03070166,31.03172505,0.231986402,0.230586979,0.227875646,0.224506424,0.220073035,0.213127343,0.20415146,0.193569604,0.182209119,0.283605855,0.279825715,0.276092419,0.27210264,0.2679162,0.263685706,0.259466456,0.25500059,0.250634656,0.246403903,0.242004686,0.237523385,0.233099882,0.228595805,0.223962928,0.219292723,0.243256817,0.240922034,0.237349723,0.233486691,0.229805768,0.238733127,0.234667214,0.230620253,0.226936471,0.223503059,0.230847643,0.226925023,0.223461786,0.220238376,0.216357199,0.223233077,0.220088223,0.217101818,0.213236771,0.20989027,0.217123025,0.214293881,0.210271086,0.207004529,0.204159619,0.211621871,0.207125255,0.20399268,0.20134447,0.198001196,0.202871638,0.200481729,0.198275777,0.195031882,0.191541983,0.198217575,0.196156038,0.192684126,0.189063078,0.18576314,0.194200198,0.190126543,0.186313927,0.183028687,0.179506468,0.186256527,0.182661537,0.179664904,0.176269742,0.172496614,0.179241877,0.176606281,0.173255095,0.169456104,0.16570505,15.81345694,18.73129393,34.69038303,13.9789409,17.58627584,208.3698441,189.5620653,37.11541843,8.951839257,329.413702,3295.047557,5.507768016,-531.212,-138.413,-246.747,-305.457,277.446,237.026,247.324,253.932,-253.766,98.614,0.577,-51.525,-1732.623,-896.066,-1092.797,-1240.495,2994.564,2993.324,3010.601,2999.496,1261.941,2097.258,1917.804,1759.001,0.05668,49.66,1.92462,-0.2255,-0.31608,-0.562653333,0.03378,0.349333333,1.86612,1.94032,0.36282,0.130746667,0.25928,0.11823,0.01531,0.0081,-383.0508707,-0.4119,0.26679,0.23455,-382.8462867,15.84,3.97,10.09,29.62,185.60215,185.8746,0.84655,0.875427337,-0.519548,-0.16536,0.684908,-14.783706,3.035678328,-0.20861,0.03375,-0.08743,0.24236,0.015769939,6.296279468,4.525697615,-0.150950753,-4.374746862,-383.1271102,-5.02,-383.1484985,2.224268481,-0.05809,-0.11151,-0.0848,-0.05342,-0.067306627,4.817636154,3.711486426,-0.7272662,-2.984220226,-382.9677049,,,,,,125.025,-0.009,70.383,0,0.018,106.023,-3.809246468,-11.91292173,4.337629357,0.2808235,0.0762395,-0.0213883,4.9986117,0.04137,0.21011,1.380020001,1.38E-05,-0.221362,1.983684211,179.9865484
C21,IMZL,CC1=C(C)N(c2c(C)cc(C)cc2C)CN1c1c(C)cc(C)cc1C,46.3,64.3116313,395.1483392,0.162753136,16.0671873,16.0891513,98.76621605,98.80998953,0.021963998,0.043773485,0,16.0891513,3.134385125,95.66949648,64.3116313,0,382.5965469,12.55179233,4.49236,8.236849696,4.38,4.49236,6.814169762,4.38,592.4937072,1010.941864,11.13026006,11.50126873,0.167717944,0.166515622,0.163837992,0.155458947,0.138367786,0.109845734,0.072751587,0.043136564,0.023345571,0.338609952,0.34300836,0.347137954,0.351233571,0.35481327,0.358285967,0.361549076,0.364585792,0.367456662,0.370272264,0.372684036,0.374989207,0.376799379,0.37829439,0.37947154,0.380256274,0.385558348,0.38705752,0.389371392,0.390369964,0.391750685,0.388463025,0.391102958,0.391781634,0.393071598,0.394300126,0.393582945,0.393293186,0.394429045,0.395551353,0.396552845,0.393020466,0.394815509,0.3961333,0.397192394,0.398246692,0.396508008,0.397558887,0.398430114,0.399377005,0.400629512,0.398551398,0.399312583,0.400230984,0.401524543,0.401906151,0.400032633,0.401003929,0.402412283,0.402637489,0.403152817,0.401924116,0.403509844,0.40341756,0.403835506,0.403198135,0.405014271,0.404107836,0.404409508,0.403477854,0.402434346,0.403246713,0.404129423,0.403015234,0.401866042,0.400569234,0.404969082,0.402907823,0.401449268,0.399977595,0.398122568,19.8426062,28.39246666,47.12080507,19.96436042,13.68931699,470.1314073,476.9447225,49.14699784,9.411004639,388.6734763,9328.63238,7.315973533,-563.876,-109.137,-241.238,-304.751,276.49,236.163,243.631,252.094,-287.387,127.025,2.393,-52.656,-1812.478,-1078.016,-978.267,-1289.587,2993.009,2992.059,3008.654,2997.907,1180.531,1914.042,2030.387,1708.32,0.094,49.19,1.91494,-0.22514,-0.31898,-0.563613333,0.03238,0.346733333,1.87314,1.938676667,0.35336,0.130106667,0.25752,0.06933,0.08192,0.02124,-1001.98058,-0.36074,0.28105,0.20701,-1001.737918,19.26,4.81,11.63,40.02,471.51514,404.6778,0.723944,0.910279799,-0.5437,-0.16701,0.710709,-14.779392,2.329860249,-0.20992,-0.01188,-0.1109,0.19804,0.031051328,8.622308687,6.01283573,0.164774089,-6.177609819,-1002.009335,-9.81,-1002.042506,1.596848655,-0.06041,-0.11412,-0.087265,-0.05371,-0.070891642,9.155303242,5.693031924,1.348937454,-7.041969378,-1001.84888,-0.142208,1.34501,0,0,1.345,393.762,-0.011,272.866,-0.001,-0.046,216.265,-3.980645976,-12.27010381,4.366174036,0.2714169,0.0287543,-0.0331714,9.7768286,0.01208,0.18705,1.37892,0,-0.159122,1.972145565,179.986913
C22,IMZL,CC1=C(C)N(c2c(C(C)C)cccc2C(C)C)CN1c1c(C(C)C)cccc1C(C)C,46.5,83.85540567,501.0190617,0.167369691,20.95888337,20.96725061,125.2312332,125.2803439,0.008367237,0.049110689,1.774900199,19.18816679,6.505119984,118.7435066,76.74639174,7.109013937,474.926962,26.09209969,5.56122,7.218138849,4.38,5.56122,6.784429071,4.38,663.3035046,1223.683461,3.210075003,3.317077503,0.312381621,0.312049503,0.311794044,0.305110271,0.289635592,0.262715433,0.223079532,0.175995473,0.122083179,0.43179194,0.440415992,0.448159895,0.455216919,0.461521828,0.467026183,0.472103372,0.476678664,0.480683796,0.484291175,0.487190429,0.48971075,0.491528201,0.492891217,0.493610428,0.493690843,0.523844664,0.524778268,0.525987249,0.526761341,0.526952141,0.525653542,0.526960233,0.527617059,0.527615009,0.528077206,0.528187755,0.528511396,0.528192756,0.528596737,0.528929323,0.528816005,0.52819504,0.528717649,0.529089016,0.529017737,0.527609549,0.528672605,0.529170012,0.529061367,0.529003962,0.529676618,0.529886444,0.529493512,0.529306774,0.528115495,0.530084932,0.529409246,0.529196344,0.52777517,0.526606768,0.528769115,0.528786502,0.52708347,0.525845753,0.523624366,0.528802998,0.526304358,0.524967849,0.522494802,0.520082025,0.523930623,0.523191666,0.520595381,0.518160975,0.514983277,0.522488749,0.519047773,0.516419327,0.513006194,0.509028226,21.15571476,34.03453883,54.4347059,24.16880517,11.99064262,573.5456084,616.4913686,55.98623909,10.36041957,408.0959919,12133.76729,7.996491513,-554.84,-110.646,-248.192,-304.56,275.323,235.548,242.928,251.266,-279.517,124.902,-5.264,-53.293,-1847.112,-1081.511,-1365.252,-1431.292,2992.364,2992.737,3009.184,2998.095,1145.252,1911.225,1643.932,1566.803,0.09628,49.05,1.91373,-0.22913,-0.32547,-0.568996667,0.02628,0.341893333,1.87302,1.937896667,0.35638,0.13132,0.25541,0.0673,0.07616,0.02403,-1237.658257,-0.35947,0.2966,0.21884,-1237.411729,20.05,5.05,13.18,38.66,610.58103,475.92447,0.731321,0.900467874,-0.536686,-0.166855,0.703541,-14.77512,2.556947942,-0.21501,-0.01182,-0.113415,0.20319,0.031652547,5.600880743,3.163519404,1.27814262,-4.441662023,-1237.686171,-10.14,-1237.719701,2.509194709,-0.10489,-0.15521,-0.13005,-0.05032,-0.168054476,5.596837593,2.96235512,1.532231578,-4.494586697,-1237.539177,-0.135562,1.32,0,0,1.32,412.158,0.005,384.219,0.001,0.04,278.497,-4.050490643,-12.21927414,3.999887838,0.2744417,0.0279142,-0.0335301,10.1064699,0.02012,0.20032,1.379030001,1.38E-05,-0.127254,1.976329574,179.9833937
C23,IMZL,ClC1=C(Cl)N(c2ccccc2)CN1c1ccccc1,33.5,59.56217826,298.9492348,0.199238437,9.847192322,19.8429031,63.08884098,86.26723253,5.300644789,23.17839155,0,16.35376518,0,76.21655219,55.33149394,4.230684327,270.8226587,28.12657602,2.892936029,7.204477436,4.38,2.892936029,6.781155805,4.38,487.6434284,760.7108135,20.15047081,20.82215317,0.187077392,0.185860123,0.182851477,0.176602001,0.167021775,0.151831017,0.129995927,0.103291113,0.071569978,0.342036651,0.339940669,0.337853159,0.335667743,0.333500814,0.331508572,0.329528923,0.32755094,0.325868572,0.323971466,0.322198343,0.320355447,0.318536951,0.316579065,0.314452853,0.31237246,0.31966424,0.318270241,0.316426331,0.314769703,0.31360255,0.316963338,0.314955943,0.313333705,0.312309506,0.311137207,0.31307017,0.311680489,0.310938728,0.30988833,0.308675731,0.310372528,0.30996517,0.308947641,0.307729415,0.307270588,0.309581083,0.308295084,0.306945262,0.306599709,0.305258426,0.30708051,0.305735115,0.30571228,0.304319712,0.303302433,0.304462426,0.305082622,0.303495375,0.30247881,0.301132553,0.305670183,0.303049344,0.301884781,0.300403984,0.299053887,0.300562877,0.300135151,0.298822512,0.297601235,0.295887618,0.299728808,0.298016493,0.296709474,0.294857755,0.292622789,0.296387688,0.295308453,0.293387361,0.291052582,0.289188811,19.8027467,23.94223259,39.22973949,17.61308383,16.88682169,334.2471794,324.1343221,43.94964967,9.254295053,404.3082126,6619.012228,6.557583507,-237.192,-118.417,-566.164,-307.258,247.224,229.398,273.418,250.013,10.032,110.981,-292.746,-57.244,-1249.119,-1129.775,-1881.598,-1420.164,3010.018,2993.939,2995.87,2999.942,1760.899,1864.165,1114.272,1579.779,0.1237,52.11,1.90611,-0.25767,-0.35021,-0.59212,0.00149,0.302673333,1.85683,1.930586667,0.3502,0.12878,0.25916,0.05817,0.02683,0.17844,-1606.636791,-0.39651,0.47067,0.59217,-1606.363123,19.47,4.57,11.89,34.87,328.7486,303.71245,0.758457,0.881332912,-0.516325,-0.175923,0.692248,-14.745926,0.190524368,-0.23649,-0.0313,-0.133895,0.20519,0.043686025,16.19572673,10.69277101,1.391512391,-12.0842834,-1606.650256,-9.66,-1606.678909,0.620951761,-0.10857,-0.13177,-0.12017,-0.0232,-0.311224761,10.71481396,5.765925105,2.815212577,-8.581137682,-1606.519619,-0.038276,1.43912,-0.25,0.25,1.395,157.777,-33.126,210.533,25.837,-32.515,282.631,-3.571201801,-11.49109774,3.554822135,0.2871328,0.0134648,-0.0286524,9.6313476,0.09687,0.34697,1.3766,1.38E-05,-0.197058,1.982548906,179.0521901
C24,IMZL,Cc1cc(C)c(N2C(Cl)=C(Cl)N(c3c(C)cc(C)cc3C)~C~2)c(C)c1,37.9,64.07211913,404.6822505,0.158326981,15.98456083,16.05254464,100.1730343,100.1992713,0.067983803,0.025132996,0,16.05254464,3.408456176,96.78967102,64.07211913,0,387.0992399,13.64220766,4.49253,8.212144781,4.38,4.49253,6.795519811,4.38,596.6731554,1012.605207,11.69027314,12.07994891,0.173505337,0.172339131,0.169802126,0.161765823,0.145089432,0.117082035,0.080202129,0.050074287,0.027237506,0.337241135,0.341617786,0.345858614,0.349688127,0.353363183,0.356911573,0.360174568,0.363415546,0.366400413,0.369316658,0.371861616,0.374320046,0.376280971,0.377983011,0.379224894,0.380180293,0.383957294,0.386197018,0.38729233,0.388741539,0.390366805,0.388296807,0.388806825,0.390145179,0.391734044,0.392953998,0.389285942,0.390987071,0.392746476,0.393952303,0.395582476,0.392588163,0.394327109,0.395331881,0.396938395,0.398118895,0.395966715,0.396588424,0.398229014,0.399315065,0.40064493,0.397175602,0.399267671,0.400311728,0.401660857,0.402204012,0.401246683,0.401754972,0.403000093,0.403300208,0.4039617,0.402236515,0.403808815,0.403915173,0.40455574,0.404088625,0.405300502,0.404691056,0.405252218,0.404495268,0.40378209,0.404112075,0.405229856,0.404252809,0.403447615,0.401948524,0.406293122,0.404318112,0.403247038,0.401470448,0.399807769,20.39491962,28.24130304,47.35997567,19.98933248,13.38955093,464.1658481,468.9953218,49.45974921,9.41159442,378.1383653,9466.625165,7.528760873,-566.018,-109.668,-239.224,-304.97,272.333,231.324,244.389,249.348,-293.685,121.656,5.165,-55.621,-1898.363,-1182.116,-1106.883,-1395.787,2993.402,2992.332,3008.907,2998.214,1095.039,1810.216,1902.024,1602.426,0.12085,51.15,1.90176,-0.2504,-0.344,-0.58812,0.00592,0.31378,1.86808,1.932786667,0.35041,0.129476667,0.25632,0.06055,0.10594,0.02671,-1842.341186,-0.37066,0.24457,0.13411,-1842.071391,19.72,4.97,11.59,41.05,468.00087,404.58947,0.7205,0.873516282,-0.515008,-0.169802,0.68481,-14.7526,0.347568852,-0.23335,-0.02054,-0.126945,0.21281,0.03786249,16.49915133,10.30024712,2.369163601,-12.66941072,-1842.361213,-10.7,-1842.392512,1.358149776,-0.06896,-0.17214,-0.12055,-0.10318,-0.07042209,18.47127215,8.944353318,6.044137131,-14.98849045,-1842.187833,-0.120359,1.36501,0,0,1.365,392.433,-0.018,267.564,0,0.182,225.182,-3.746664231,-11.70029595,4.717902175,0.2898219,0.0200266,-0.0312994,10.6687006,0.01491,0.12372,1.37201,0,-0.146824,1.968466152,179.9797364
C25,IMZL,CC(C)c1cccc(C(C)C)c1N1C(Cl)=C(Cl)N(c2c(C(C)C)cccc2C(C)C)~C~1,37.3,82.38381782,510.9048421,0.161250806,20.56771503,20.60955122,127.6949301,127.7677468,0.041836186,0.072816744,1.581407838,19.00513348,6.611965515,121.1557813,75.997524,6.38629382,484.3082698,26.59657231,5.52713,7.195550051,4.38,5.52713,6.768770024,4.38,669.6828221,1232.843352,3.730087153,3.854423391,0.31837665,0.318085553,0.318189145,0.312289902,0.297699419,0.271630209,0.232887715,0.185589693,0.133114956,0.421353546,0.430159453,0.438392474,0.445867677,0.452624148,0.458645872,0.464198614,0.469219574,0.473747915,0.47789951,0.481286078,0.484271118,0.486574892,0.488329514,0.489434862,0.489951481,0.515347371,0.518151673,0.519928494,0.521244617,0.522072191,0.520780766,0.522008858,0.522974798,0.523506689,0.524326728,0.523162544,0.52397413,0.524309605,0.525086833,0.525699439,0.52473799,0.524833537,0.525655736,0.526245744,0.526662207,0.524923625,0.526076036,0.526693062,0.527078371,0.527533428,0.527164441,0.527505437,0.527719747,0.528100176,0.527236318,0.527828006,0.527975299,0.528379573,0.527251987,0.526332774,0.528114841,0.528633972,0.527079488,0.52600562,0.524087114,0.529126487,0.526600943,0.525372209,0.5232028,0.520808568,0.524201649,0.52363348,0.521419156,0.518976302,0.515890132,0.52309302,0.520128032,0.51739896,0.514053547,0.510397039,21.96609054,34.10077986,54.78139183,23.98127791,13.18970688,593.4809884,610.8122718,56.53061171,10.36753954,449.7792909,13036.45712,8.533118222,-558.869,-109.989,-244.275,-304.378,271.766,231.472,243.559,248.932,-287.103,121.483,-0.716,-55.446,-1930.095,-1179.968,-1443.998,-1518.02,2992.704,2992.967,3009.319,2998.33,1062.609,1812.999,1565.321,1480.31,0.12441,50.9,1.90104,-0.25294,-0.34962,-0.592813333,0.00134,0.310706667,1.86715,1.9319,0.35162,0.13004,0.25428,0.06154,0.09139,0.04691,-2078.01466,-0.37659,0.23897,0.12062,-2077.745483,20.46,5.27,13.16,38.43,608.61645,482.6145,0.719636,0.867296086,-0.511124,-0.168897,0.680021,-14.749579,0.00276546,-0.23725,-0.01968,-0.128465,0.21757,0.037926314,13.28821079,6.832499875,3.882789838,-10.71528971,-2078.036874,-11.54,-2078.069913,0.170286192,-0.0931,-0.14487,-0.118985,-0.05177,-0.136733921,12.91433718,6.087538054,4.412534534,-10.50007259,-2077.88297,-0.115102,1.36,0,0,1.36,412.063,0.032,379.221,-0.013,0.049,285.153,-3.8400886,-11.67311864,4.187931697,0.2913913,0.0222142,-0.0330385,11.5069615,0.03302,0.11456,1.372630004,1.37E-05,-0.119245,1.97131431,179.9864311
C26,IMZL,CC(C)(C)C1=CC2=C3C=C(C(C)(C)C)C=CN3CN2C=C1,44.4,45.85559777,328.8048391,0.139461444,6.534812281,16.39246365,50.57554735,113.8324404,9.857651368,63.25689306,0,14.97421694,0,110.9602563,43.01910434,2.836493423,323.0614833,5.743355755,3.2752,7.378149672,4.38,2,5.823909546,4.38,535.6434626,868.7075353,32.62076218,33.70812092,0.122338732,0.120708641,0.117539656,0.112071862,0.104835979,0.096887417,0.089193238,0.08065002,0.077602689,0.275122914,0.27128843,0.267489428,0.263567888,0.259374682,0.255258805,0.251230104,0.247010463,0.242810256,0.238784201,0.234544721,0.230317312,0.226069594,0.221795287,0.217439877,0.213032411,0.234193819,0.231757091,0.228658444,0.22481663,0.22147418,0.229472608,0.226144739,0.222065476,0.218760903,0.215798288,0.223018496,0.218691695,0.215605788,0.212867092,0.209489931,0.214619336,0.212219961,0.209865897,0.206576638,0.203414057,0.209957654,0.207688962,0.204190545,0.200990613,0.198350112,0.205546275,0.201542777,0.198321504,0.195829404,0.192503709,0.197755629,0.194996667,0.192928078,0.189660424,0.186494844,0.192382879,0.190701477,0.187236169,0.184031008,0.18080747,0.18910628,0.184857337,0.18152289,0.178266013,0.174986544,0.180820796,0.178010774,0.175001968,0.171876257,0.168488631,0.175337798,0.172301935,0.169176226,0.165763609,0.162275257,18.75936584,20.23349721,37.49744218,14.82615626,18.78534011,389.2369197,395.1417693,45.54876596,10.13097134,380.0931266,7301.837775,6.544656744,-524.258,-120.812,-221.105,-288.725,280.022,235.437,247.524,254.328,-244.236,114.625,26.42,-34.397,-1741.097,-817.636,-1150.92,-1236.551,2995.344,2994.175,3012.001,3000.507,1254.247,2176.539,1861.081,1763.956,0.02431,50.92,1.91701,-0.23854,-0.70406,-0.70406,0.47418,0.47418,1.97918,1.97918,0.01302,0.01302,0.71272,0.04958,-0.03868,0.03938,-847.2533839,-0.34798,0.19743,0.30745,-847.0303795,18.43,4.72,11.31,34.78,393.82142,346.84376,0.749117,0.767109789,-0.376593,-0.245134,0.621727,-14.770445,3.391342656,-0.17775,-0.04484,-0.111295,0.13291,0.046597611,13.62706414,8.211965008,2.395645109,-10.60761012,-847.2558218,-9.36,-847.2866187,3.017471528,-0.10102,-0.11985,-0.110435,-0.01883,-0.323841987,12.54074675,6.939710951,3.050533578,-9.990244529,-847.1800293,-0.0852118,1.36805,-0.25,0,1.345,328.912,0.001,161.128,81.226,-0.002,338.051,-3.743136066,-12.05132011,2.062414317,0.2254423,0.0024379,-0.0307969,9.3292031,0.06299,0.17312,1.41052,0,-0.226592,1.977615858,179.9971974
C27,IMZL,c1ccc(N2CN(c3ccccc3)C3=C2CCCC3)cc1,38.7,59.18042306,313.3528292,0.188861939,9.924589266,20.02489051,61.09086696,96.58311328,5.609186662,35.49224632,0,16.44475888,0,80.10403953,54.88489265,4.295530416,282.4702552,24.98104228,2.885702637,7.246460794,4.38,2.885702637,6.812268577,4.38,516.7035604,821.4161991,20.48047852,21.16316114,0.185006056,0.183778258,0.18075617,0.174487576,0.165039685,0.15018852,0.129052376,0.103629124,0.074712089,0.340872691,0.33875236,0.336382301,0.334052684,0.331796326,0.329569279,0.327384263,0.325195697,0.323293682,0.321276489,0.319319875,0.317373003,0.315483357,0.313483958,0.311301592,0.309140544,0.31824038,0.315362791,0.313448436,0.311879077,0.310344578,0.312664991,0.311272334,0.310012747,0.308660293,0.30730321,0.309964055,0.30880471,0.307480716,0.306153871,0.304700162,0.307713542,0.306346427,0.305027416,0.303566615,0.302874023,0.305057411,0.303797248,0.302336312,0.301827346,0.300618397,0.302607077,0.301087014,0.300865893,0.299654415,0.298517829,0.299649096,0.300064601,0.298772791,0.297626372,0.296394546,0.300458242,0.298368615,0.29702063,0.295682458,0.294490862,0.296386124,0.295431752,0.294248261,0.293180685,0.291633777,0.294525089,0.293258147,0.292215516,0.290586933,0.288425085,0.292052994,0.291143835,0.289398146,0.287077175,0.285122951,19.38324901,24.10179249,39.29768916,17.63477863,17.08666574,369.9172594,365.2151841,46.5899078,9.297458365,411.8192719,7170.198352,6.696181681,-574.031,-128.423,-238.821,-313.758,278.101,235.725,246.429,253.418,-295.93,107.302,7.608,-60.34,-1809.158,-1017.041,-1150.24,-1325.479,2995.198,2993.458,3009.787,2999.481,1186.04,1976.417,1859.547,1674.001,0.09911,50.7,1.91783,-0.2343,-0.32512,-0.566633333,0.02477,0.32868,1.85439,1.93315,0.35625,0.130606667,0.25907,0.06653,0.01657,0.1516,-843.6391578,-0.38475,0.49492,0.69465,-843.3961795,19.18,4.49,12.01,34.86,363.01332,327.63031,0.75113,0.912507986,-0.53682,-0.179032,0.715851,-14.770591,3.063943741,-0.21486,-0.02185,-0.118355,0.19301,0.036288032,10.32648426,5.942189209,2.209246053,-8.151435262,-843.661546,-10.86,-843.6956957,2.228111766,-0.09206,-0.11734,-0.1047,-0.02528,-0.216813489,7.184788801,5.266095957,-0.394349668,-4.871746289,-843.5353727,-0.137819,1.34577,-0.005,0.045,1.345,321.038,0.244,176.531,-0.713,-27.762,214.731,-3.796341634,-12.08987401,3.433342618,0.2653665,0.0223882,-0.0341497,10.8258503,0.08254,0.39581,1.372825758,0.000851152,-0.211858,1.978130523,178.7639605
C28,IMZL,CN(C)C1=C(N(C)C)N(c2ccccc2)CN1c1ccccc1,40.6,59.38123676,352.6019216,0.168408716,9.721683763,18.76562131,70.02605868,108.005757,6.514940093,37.97969836,0,15.52227098,0,95.53522307,54.86606636,4.515170393,325.572384,27.02953756,3.044714928,7.230716215,4.38,3.044714928,6.799201461,4.38,546.2436381,906.5371618,20.24047292,20.91515535,0.206349826,0.205269252,0.202661471,0.197238198,0.189224802,0.176882025,0.158696369,0.13463254,0.105000418,0.341105483,0.339097896,0.336987498,0.334727946,0.33261677,0.330536014,0.328453919,0.326444615,0.324644593,0.322680559,0.320825057,0.318973953,0.317115508,0.315165405,0.313164492,0.311213746,0.319676603,0.317711216,0.315460464,0.313989069,0.312559594,0.315868623,0.313545845,0.312320414,0.311041437,0.309651979,0.311363797,0.310704285,0.309619597,0.308319393,0.307128474,0.310083556,0.308822916,0.307419335,0.306216423,0.305507256,0.307634292,0.306199201,0.305069129,0.304517508,0.303168552,0.304843815,0.303891423,0.303589773,0.302198766,0.301115838,0.302990499,0.303012663,0.30140899,0.300303138,0.299108815,0.303033661,0.300679554,0.299498359,0.298259511,0.296951341,0.298446144,0.297864328,0.296825805,0.295615928,0.29405146,0.297311595,0.296075372,0.294763739,0.293083402,0.291340267,0.29489944,0.293581492,0.291807064,0.290020791,0.288536366,19.77205269,24.76660187,39.75885506,18.0851633,17.28650978,417.2189795,413.6825672,49.16812054,9.43005222,428.1281055,8249.275646,7.162475378,-564.436,-118.256,-236.968,-306.553,276.113,232.643,246.584,251.78,-288.323,114.387,9.617,-54.773,-1789.807,-1040.196,-1158.911,-1329.638,2995.226,2993.335,3009.946,2999.502,1205.419,1953.139,1851.035,1669.864,0.09989,50.5,1.91889,-0.23118,-0.32428,-0.56738,0.03174,0.338536667,1.87763,1.940163333,0.33203,0.121613333,0.26292,0.06711,0.03191,0.12253,-955.4181086,-0.36968,0.31987,0.29952,-955.1968421,19.22,4.65,12.17,36.72,412.63703,360.78556,0.742929,0.912409916,-0.546248,-0.165573,0.711822,-14.773051,3.431141691,-0.1971,-0.01973,-0.108415,0.17737,0.033133597,9.403809786,5.443711283,1.96752865,-7.411239934,-955.4418613,-10.45,-955.4761622,7.401841941,-0.05914,-0.14787,-0.103505,-0.08873,-0.06037014,11.97231319,9.52955367,-2.878286194,-6.651267477,-955.2971525,-0.139458,1.3455,0.01,0.035,1.345,347.53,0.67,200.435,0.648,-24.5,235.296,-3.812675639,-12.18072541,3.937718125,0.2450192,0.0237527,-0.0343009,10.4156991,0.06798,0.21998,1.38646031,0.102958543,-0.210928,1.980071739,178.6492343
C29,IMZL,COC1=CN(c2ccccc2)CN1c1ccccc1,35.3,59.90523499,284.462575,0.210590919,9.874385843,20.36899315,59.89332372,79.2051895,5.70540989,19.31186578,0,16.37468327,0,69.76916203,54.85456141,5.050673576,253.1613975,25.21552556,2.705263742,7.277392984,4.38,2.705263742,6.836210923,4.38,488.1139066,753.0979946,20.33047502,21.00815752,0.170047035,0.168711965,0.165161904,0.158041257,0.147587417,0.131719248,0.109078006,0.082512417,0.057116594,0.34818236,0.345629382,0.342779003,0.33974716,0.336757149,0.333715757,0.330812511,0.327836126,0.325220316,0.322458423,0.319878499,0.317279465,0.314767619,0.31220419,0.309534449,0.306909951,0.320932,0.317485899,0.314263171,0.31168557,0.30911114,0.314255107,0.311234746,0.308972778,0.306589585,0.304639405,0.308397379,0.306566797,0.304331718,0.302578205,0.300458536,0.304843865,0.302474688,0.300857806,0.298748955,0.297649618,0.300240855,0.299032308,0.296940729,0.296093668,0.294379626,0.297890884,0.295425589,0.294859225,0.293106794,0.291794598,0.29309352,0.293464057,0.291678329,0.290465605,0.288921154,0.293815097,0.291025603,0.289678628,0.288008249,0.286521019,0.288379129,0.287766735,0.286264417,0.284919556,0.28321207,0.287184954,0.285285025,0.283877865,0.282073873,0.279894504,0.283477756,0.282343321,0.280531023,0.278283543,0.27631135,18.73128471,23.16765651,37.74318523,17.33249813,16.18736754,334.4196522,318.8161936,45.28909778,8.702663307,375.0233709,6264.109719,6.294190071,-569.594,-122.107,-233.357,-308.353,276.109,232.648,246.1,251.619,-293.485,110.541,12.743,-56.734,-1824.927,-1042.838,-1140.567,-1336.111,2995.864,2993.634,3009.723,2999.74,1170.937,1950.796,1869.156,1663.63,0.10326,50.94,1.91662,-0.23995,-0.33381,-0.576013333,0.02258,0.324286667,1.86882,1.938793333,0.33747,0.123433333,0.26253,0.06706,-0.00307,0.19572,-802.1457951,-0.38231,0.41633,0.49408,-801.8959981,18.6,4.3,11.27,32.89,322.46193,302.06054,0.752851,0.905790007,-0.528373,-0.18397,0.712343,-14.763727,3.643352845,-0.21991,-0.02298,-0.121445,0.19693,0.037447032,11.82170867,6.031783887,3.510177722,-9.541961609,-802.1678846,-8.04,-802.1982292,5.223815028,-0.08661,-0.16308,-0.124845,-0.07647,-0.101911037,12.29132602,9.541964559,-2.078115385,-7.463849174,-802.0228581,-0.13232,1.35121,-0.015,0.055,1.35,298.73,2.248,147.702,3.15,-32.344,187.522,-3.709431085,-11.8918268,3.946363163,0.2718865,0.0220895,-0.0303446,8.0096554,0.10633,0.31307,1.375029517,0.878066349,-0.196714,1.980057657,179.1398477
C30,IMZL,c1ccc(N2CSC3=C2CCCC3)cc1,29.9,54.99262083,238.0139903,0.23104785,7.696812352,22.36562513,19.18357846,97.76436036,14.66881278,78.45663394,0,17.08799024,0,80.68332893,47.95786612,7.034754706,195.0416365,36.71794385,2.151521376,6.810255134,4.38,2.151521376,6.589028905,4.38,411.2221108,634.466425,28.55066708,29.50235598,0.155892062,0.154363491,0.150589781,0.14417377,0.134357236,0.120090837,0.101189926,0.081404944,0.063709016,0.322081719,0.318694377,0.315537476,0.312437347,0.309192785,0.306082277,0.302969365,0.299715797,0.296629071,0.293358537,0.290155018,0.286821845,0.283455745,0.279929753,0.276225684,0.272525725,0.28592539,0.284903884,0.28330027,0.280909201,0.278870628,0.2839462,0.282108159,0.279437511,0.277365749,0.275192085,0.280381481,0.277383906,0.275427488,0.273315573,0.270728111,0.274562606,0.273164702,0.271226585,0.268649317,0.266626324,0.271846657,0.269698785,0.266894973,0.264909889,0.262264392,0.267670208,0.264621579,0.262845106,0.260183496,0.25782928,0.2617377,0.260624596,0.257948065,0.255683953,0.252984939,0.259570063,0.25620018,0.253871049,0.251069854,0.248310857,0.253003073,0.251236941,0.248517189,0.245838823,0.242733691,0.249559096,0.24643963,0.243681642,0.240471558,0.23693306,0.243472302,0.240954405,0.237728361,0.234143102,0.230930342,18.85473729,21.78729563,41.0874932,15.7243093,17.18658776,284.7797116,277.3732352,41.74953088,9.255261492,374.4492684,5369.446647,6.30160344,-705.222,-101.531,-306.08,-370.944,272.977,239.396,253.426,255.266,-432.245,137.865,-52.654,-115.678,-2251.804,-1199.564,-2220.152,-1890.507,2994.226,2992.969,3009.415,2998.87,742.421,1793.405,789.264,1108.363,-0.1936,52.36,1.91535,-0.26163,-0.34672,-0.53875,-0.00396,0.235116667,1.88316,1.939773333,0.33988,0.12714,0.25767,0.07487,-0.3615,0.32473,-955.5218505,-0.40664,0.28387,1.02388,-955.2680185,18.72,4.36,11.91,34.33,275.39785,254.9797,0.802821,0.93478682,-0.583804,-0.133883,0.717687,-14.757638,4.44702465,-0.22238,-0.02813,-0.125255,0.19425,0.04038305,5.881826142,3.586656283,0.972510215,-4.559166498,-955.5456998,-5.87,-955.5681105,3.142753189,-0.11458,-0.11062,-0.1126,0.00396,1.600853535,5.194445538,3.130213531,0.913290835,-4.043504365,-955.4418371,-0.124635,1.36528,-0.025,-0.01,1.365,210.872,-4.183,132.574,30.433,11.08,175.665,-3.596201879,-11.61899913,2.82624164,0.2776813,0.0238493,-0.0224107,5.8475893,0.1679,0.47747,1.371619916,0.493495129,-0.195402,1.964947219,179.0547166
C31,THZL,CC1=C(C)N(c2ccccc2)CS1,30.9,54.65793134,215.2982086,0.253870813,9.388040179,19.44545934,28.60951864,76.32739863,10.05741916,47.71787998,0,16.93424226,0,68.17964963,51.35182673,3.306104613,189.894,20.04703242,2.270476631,6.773695472,4.38,2.270476631,6.467901556,4.38,382.8525289,578.9141681,28.62066872,29.57469101,0.156682074,0.155186142,0.15166094,0.145428732,0.13546545,0.120891367,0.100833171,0.078394374,0.056931607,0.317723853,0.315036745,0.312442545,0.309952105,0.307208456,0.304597233,0.30183553,0.298933994,0.296234678,0.293278903,0.290364503,0.287314722,0.284204929,0.280913711,0.277444403,0.274004646,0.289041792,0.287720748,0.286472505,0.284133383,0.282271642,0.286482242,0.285305749,0.282693314,0.280827475,0.278516383,0.284200537,0.280967544,0.279161873,0.27680884,0.274184306,0.27792467,0.276860413,0.274623535,0.272027372,0.270200181,0.275856953,0.273111712,0.270277773,0.268529552,0.26592506,0.270518944,0.267716284,0.266348494,0.263768237,0.261477956,0.265065082,0.264429255,0.261752568,0.259507016,0.256886569,0.263826884,0.260224744,0.257842553,0.255097127,0.252369155,0.256807289,0.25507657,0.252475528,0.249853534,0.246787788,0.253432369,0.250469348,0.247759734,0.244580699,0.241129434,0.247650836,0.245127536,0.241908701,0.23841087,0.235404431,18.61255385,21.73963197,40.7565974,15.53903875,17.68619787,260.5736994,247.3615262,42.95299149,9.201548223,384.4914326,4849.94201,6.379788213,-700.397,-96.7,-309.214,-368.77,272.876,239.277,253.135,255.096,-427.522,142.577,-56.078,-113.674,-2250.484,-1208.003,-2420.928,-1959.805,2994.207,2992.964,3009.3,2998.823,743.723,1784.961,588.371,1039.018,-0.19179,52.05,1.91464,-0.2609,-0.34744,-0.540916667,-0.0033,0.238256667,1.88944,1.94204,0.33418,0.124976667,0.2576,0.07764,-0.34536,0.28355,-878.1536144,-0.40916,0.29621,1.02627,-877.8991112,18.22,4.23,11.65,33.33,246.18225,234.24286,0.81094,0.942023713,-0.592536,-0.128443,0.72098,-14.758083,4.228949506,-0.22268,-0.02782,-0.12525,0.19486,0.040253419,5.793001734,4.438914516,-0.804726548,-3.634187969,-878.1790921,-4.23,-878.1992656,3.192401566,-0.11363,-0.10956,-0.111595,0.00407,1.529907128,4.05756125,2.496267952,0.638234593,-3.134502546,-878.0743222,,,,,,195.718,2.639,121.008,32.072,-6.901,143.106,-3.589713529,-11.56410093,2.850927754,0.2799809,0.0254777,-0.0201735,4.2098265,0.15357,0.488,1.374968714,0.487247663,-0.200836,1.964419282,178.8818585
C32,CAAC,CC1(C)C=CN(c2ccccc2)C1,20,47.65246196,208.561145,0.228481973,9.151665727,16.67067429,36.18838154,70.81993549,7.519008561,34.55650167,0,15.52854641,0,69.45682389,46.3565861,1.295875867,201.9362604,6.624884623,3.138722398,7.353045986,4.38,3.138722398,6.901635982,4.38,386.4928192,580.1697597,29.46068834,30.44271129,0.124485207,0.122858032,0.11947803,0.11359511,0.105759549,0.095335365,0.079816967,0.058253091,0.033868924,0.286203814,0.282227616,0.278206778,0.27391262,0.269633408,0.265438641,0.261290219,0.257100149,0.253028215,0.249119836,0.245402986,0.241804576,0.238501365,0.235268658,0.23209643,0.229178426,0.243762066,0.240772664,0.236779102,0.233271171,0.230121497,0.237970037,0.233608023,0.230193268,0.227211774,0.224305577,0.229510289,0.226651126,0.224042945,0.221376494,0.218429643,0.223960098,0.221545681,0.218971793,0.216043494,0.213391413,0.219269192,0.216687295,0.213694811,0.211105649,0.208836778,0.214248799,0.211135526,0.208675707,0.206571261,0.204738903,0.208190496,0.206110973,0.204278853,0.202665741,0.200972681,0.204140873,0.202474694,0.201011254,0.199393438,0.198301482,0.200893942,0.199564731,0.197967755,0.197019405,0.19571102,0.198301966,0.196612541,0.195852768,0.194569329,0.193054811,0.195005511,0.194716299,0.193442581,0.191895355,0.190897436,17.5980156,20.16433428,39.26884714,14.33787895,18.78534011,264.1456564,245.3287437,41.30467826,9.125954805,378.7938775,4648.439381,6.007502044,-931.941,-115.375,-329.841,-459.052,271.088,235.524,244.014,250.208,-660.853,120.149,-85.827,-208.844,-2293.592,-899.479,-2477.652,-1890.241,2993.982,2993.402,3008.648,2998.677,700.39,2093.922,530.996,1108.436,0.1277,48.69,1.90553,-0.23845,-0.34743,-0.529173333,0.03562,0.313546667,1.8849,1.94134,0.10193,0.047283333,0.27407,0.06093,-0.19497,0.55514,-519.3330456,-0.41059,0.63011,1.0688,-519.0749829,17.3,3.83,11.74,31.1,244.30759,233.45678,0.809535,1.222847313,-0.881343,0.034342,0.847001,-14.77257,2.332148724,-0.21128,-0.04002,-0.12565,0.17126,0.046093433,8.428371403,5.741610995,0.414639623,-6.156250618,-519.3432317,-4.98,-519.3640727,0.846044181,-0.14071,-0.09858,-0.119645,0.04213,0.169889936,6.185881129,2.906504803,2.124000042,-5.030504845,-519.2741586,-0.130803,1.35024,0.015,0.02,1.35,205.618,6.15,114.779,15.265,-16.918,129.042,-4.732928704,-11.80614792,1.879570543,0.2682488,0.0101861,-0.020841,4.959159,0.32267,0.50241,1.490930767,0.545844663,-0.173856,1.960868872,178.5573756
C33,CAAC,CC1(C)CN(c2ccccc2)c2ccccc21,15.2,58.44933571,260.9699712,0.223969583,10.53016806,21.45568808,35.1150925,96.49141594,10.92552002,61.27114907,0,16.85789122,0,82.25040184,52.7836702,5.665665513,227.9674677,33.00250349,3.187771809,7.088043219,4.38,3.187771809,6.731019007,4.38,442.9033239,692.7470699,15.29035726,15.80003583,0.160874571,0.15945575,0.156121971,0.149341276,0.137757575,0.120052242,0.096182537,0.073118703,0.055312529,0.331933477,0.330847155,0.32957958,0.328497438,0.326949985,0.325498509,0.323902533,0.322176658,0.320496664,0.318455774,0.316367699,0.314153116,0.311754161,0.309102855,0.306229398,0.30327642,0.320338123,0.318560987,0.318116655,0.316014167,0.314553996,0.316894886,0.31710785,0.31474557,0.313320161,0.311635279,0.317307912,0.313766606,0.312267232,0.310507842,0.308613396,0.31043355,0.309964852,0.308497448,0.306741086,0.305311882,0.309522929,0.307610769,0.305645613,0.304204183,0.301775461,0.305804813,0.303865477,0.302621017,0.300093011,0.297835937,0.302030944,0.301155835,0.298387544,0.296098718,0.293723346,0.300326775,0.296707107,0.294322206,0.291905661,0.289226712,0.293273022,0.291546869,0.28937675,0.28678962,0.283724285,0.289907005,0.287572259,0.284837444,0.281620895,0.278189328,0.285351379,0.282485083,0.279119619,0.275600089,0.27238824,18.78374564,23.32561977,44.15495863,16.97425265,14.68853721,311.3299041,302.2321303,45.8664593,9.264086194,342.619234,5847.94173,6.587179844,-936.274,-133.354,-320.61,-463.413,274.312,237.276,244.427,252.005,-661.962,103.922,-76.183,-211.408,-2254.801,-956.9,-2565.05,-1925.584,2994.207,2993.451,3008.665,2998.774,739.406,2036.55,443.615,1073.191,0.14127,48.51,1.91034,-0.24034,-0.34923,-0.530176667,0.03255,0.309616667,1.88936,1.941406667,0.09029,0.04272,0.27289,0.05493,-0.17428,0.53122,-672.8745563,-0.40367,0.64142,1.04911,-672.6179982,18.43,4.36,12.11,34.33,302.66592,276.73215,0.787771,1.260445523,-0.909154,0.036916,0.872238,-14.768835,2.17692869,-0.21225,-0.03857,-0.12541,0.17368,0.045277718,9.727713163,7.211595418,-0.723286592,-6.488308826,-672.8824519,-6.5,-672.9068819,0.697558327,-0.14097,-0.09705,-0.11901,0.04392,0.161240666,8.193059551,5.861219784,-0.138175581,-5.723044202,-672.8126237,-0.130307,1.35038,0.03,0.01,1.35,237.609,4.762,139.622,19.319,-13.405,202.752,-3.927332406,-11.89146813,1.900117814,0.2644537,0.0078956,-0.02443,6.47557,0.31555,0.50015,1.405134777,0.198334774,-0.179705,1.95908972,178.6812975
C34,CAAC,CC1(C)C2=CCC=CC2=CN1c1ccccc1,23.4,52.56298432,260.8427864,0.201512126,8.558637788,18.69136208,36.45156724,92.08750727,10.13272429,54.90890272,0,16.29728633,0,77.24615007,48.99435763,3.568626681,225.7732178,30.3676348,2.773398285,7.104162289,4.38,2.773398285,6.708787389,4.38,433.0534953,684.0998144,25.33059185,26.17494491,0.170319237,0.16898005,0.166397392,0.161403872,0.153237635,0.140714477,0.122556502,0.097565613,0.064629543,0.301651892,0.299824703,0.298101673,0.296384217,0.294462959,0.292606224,0.290748545,0.288844308,0.287145499,0.285353239,0.283614456,0.281756368,0.279943945,0.27807082,0.276068991,0.273966655,0.282148567,0.281483103,0.280469791,0.278687505,0.277221467,0.280859216,0.279707431,0.277672071,0.276170447,0.274716062,0.278625428,0.276220398,0.274789378,0.27339923,0.271883428,0.273956799,0.273037225,0.27185414,0.27043158,0.269611209,0.272170183,0.270891183,0.269385725,0.268671358,0.267464234,0.269683221,0.268107337,0.267629905,0.266442284,0.26536489,0.266616615,0.26668497,0.265474584,0.264423492,0.262913384,0.266749729,0.264947848,0.263766722,0.262103125,0.260706476,0.26323835,0.262387964,0.260707722,0.25937964,0.257857879,0.261580089,0.259535705,0.258217768,0.256672672,0.254776422,0.257591027,0.256657595,0.255191301,0.253273025,0.25120318,18.96374917,22.7745887,41.27382877,16.11473778,18.78534011,307.5280502,301.876519,46.42402239,9.28663907,427.8283944,5831.884807,6.487103811,-888.681,-126.498,-286.6,-433.926,282.368,242.915,246.385,257.223,-606.313,116.418,-40.215,-176.703,-2196.884,-993.125,-2729.204,-1973.071,2994.776,2993.076,3009.032,2998.961,797.892,1999.951,279.828,1025.89,0.06976,44.44,1.89793,-0.21692,-0.33428,-0.532023333,0.04544,0.357916667,1.92601,1.956663333,0.12621,0.052213333,0.26236,0.05027,-0.14818,0.31274,-672.8858595,-0.39945,0.6322,0.98193,-672.6303268,18.4,3.94,12.03,32.4,302.15778,271.52537,0.801979,1.254540999,-0.88951,0.004851,0.884659,-14.779646,3.441731185,-0.20014,-0.05052,-0.12533,0.14962,0.052491675,7.528487804,5.971298287,-1.722018708,-4.24927958,-672.8861428,-6.53,-672.9128821,2.384774352,-0.13808,-0.09829,-0.118185,0.03979,0.175517645,4.685886519,3.508453676,-0.432549555,-3.075904121,-672.8222933,-0.121706,1.3533,-0.25,0,1.33,201.389,3.381,145.769,52.375,-4.736,237.416,-3.969550776,-12.11291678,1.737429468,0.255816,0.0002833,-0.0267393,6.5032607,0.21794,0.56244,1.512799276,0.121583678,-0.204285,1.963252697,179.2262426
C35,CAAC,C1=CCC2=CN(c3ccccc3)C(c3ccccc3)(c3ccccc3)C2=C1,22.5,53.89023732,394.5228807,0.136595974,8.559683692,20.87730281,36.81211863,162.1948548,12.31761912,123.6048034,0,16.93424226,0,147.5400717,49.23073209,4.659505236,363.3503325,31.17254823,3.883490881,7.14010175,4.38,3.883490881,6.764713174,4.38,569.594647,961.5040482,20.82048647,21.51450268,0.20880012,0.207724884,0.205550427,0.201730807,0.196176358,0.18692828,0.173976616,0.155901745,0.131189733,0.311708507,0.309044633,0.306497824,0.304299399,0.302063193,0.300037272,0.298209396,0.29666234,0.29533256,0.294146493,0.292932624,0.291639085,0.290392385,0.289003338,0.287556874,0.285952696,0.283274445,0.282106625,0.281915385,0.280897436,0.280186982,0.28101177,0.281298213,0.28020005,0.279528382,0.279069606,0.281567301,0.27983033,0.279091453,0.278653288,0.278642258,0.278195504,0.277960585,0.27779178,0.278012368,0.278314271,0.277739086,0.277606886,0.277958036,0.278339958,0.278600253,0.277482028,0.278058559,0.278518812,0.278787265,0.278513131,0.278603933,0.27899594,0.279176991,0.278737912,0.277871089,0.279367319,0.279441301,0.278778034,0.277710744,0.276840347,0.279511489,0.278505664,0.277213264,0.276285534,0.274905629,0.27755012,0.276148881,0.275314187,0.273891054,0.272444188,0.274815982,0.274276676,0.272786514,0.271315937,0.269483927,21.39397085,24.5568424,50.97057434,17.44450897,16.78689967,428.8806825,438.8440694,56.52397828,9.770889653,412.2332497,9175.460821,7.929012178,-891.91,-133.504,-289.939,-438.451,282.655,243.964,246.908,257.842,-609.255,110.46,-43.031,-180.609,-2216.542,-1018.896,-2657.418,-1964.285,2994.21,2993.233,3009.514,2998.985,777.668,1974.337,352.095,1034.7,0.08536,44.15,1.87919,-0.22086,-0.33997,-0.536343333,0.04029,0.352036667,1.91345,1.95237,0.13531,0.055243333,0.26115,0.02946,-0.12519,0.34339,-1056.066664,-0.3729,0.60005,0.93912,-1055.800145,20.56,5.07,12.54,38.96,445.24096,375.50989,0.750919,1.243816645,-0.884325,0.009708,0.874617,-14.773614,3.231227311,-0.20415,-0.05855,-0.13135,0.1456,0.05924733,5.957793167,4.336882169,-0.260237872,-4.076644297,-1056.052322,-9.83,-1056.086954,1.78029845,-0.14511,-0.10523,-0.12517,0.03988,0.196433411,5.336666439,3.783247267,-0.019383149,-3.763864117,-1055.991197,-0.133867,1.34854,-0.25,0.02,1.325,338.855,0.397,293.627,27.39,12.82,282.176,-3.932105327,-12.14657691,1.663286772,0.2521766,-0.0143423,-0.0346317,9.7953683,0.21055,0.51469,1.517815055,0.010609527,-0.191187,1.964473979,178.7754607
C36,CAAC,CC(C)(C)N1C=C2CC=CC=C2C1(c1ccccc1)c1ccccc1,26.5,62.86514516,377.6139826,0.166479919,8.582693595,24.30787007,35.47955824,156.5736245,15.72517648,121.0940663,0,17.97282558,0,145.383871,52.45421023,10.41093493,358.745621,18.86836158,3.71690391,6.655085549,4.38,3.71690391,6.239846603,4.38,543.3638915,923.56761,13.20030842,13.6403187,0.217822684,0.216684835,0.213655742,0.207612745,0.198533549,0.185468712,0.169548896,0.156709279,0.142976859,0.363686308,0.361001551,0.358146412,0.355431332,0.3526127,0.349993012,0.347370786,0.344716191,0.341961631,0.339164767,0.336113525,0.332936394,0.329574035,0.325942233,0.322130786,0.318079194,0.335029336,0.332214164,0.330491828,0.328312681,0.326703625,0.329574882,0.32843127,0.326342095,0.324927635,0.323292865,0.327356947,0.324869634,0.323558796,0.321946267,0.320110013,0.322528591,0.321823953,0.320346636,0.318549431,0.316397296,0.321159569,0.319347364,0.317368901,0.315071238,0.312756695,0.317635811,0.315628547,0.313259,0.310931916,0.307943916,0.313729756,0.311244793,0.308930224,0.305831078,0.302689325,0.308890586,0.306716546,0.303465677,0.300273702,0.296845399,0.304653969,0.300958261,0.297685999,0.294200799,0.290260626,0.297447298,0.294458904,0.291053311,0.28709007,0.283064917,0.291616256,0.288086394,0.283963598,0.279886862,0.275528146,20.57252646,25.45734188,49.30053658,18.73495607,13.68931699,407.4168779,435.4877777,58.7665488,9.787462611,348.4936229,8381.594499,7.337807688,-885.296,-120.225,-295.747,-433.756,283.197,243.948,246.3,257.815,-602.099,123.723,-49.447,-175.941,-2158.934,-1066.474,-2998.278,-2074.562,2994.137,2992.6,3009.623,2998.787,835.203,1926.126,11.344,924.225,0.06786,42.32,1.87387,-0.21315,-0.33073,-0.531186667,0.0466,0.362896667,1.92526,1.956686667,0.12548,0.0516,0.25975,0.03878,-0.12697,0.28949,-982.3096399,-0.3731,0.60535,0.94539,-982.0544581,19.98,4.74,12.59,37.28,435.11315,355.54538,0.781011,1.235657568,-0.879869,0.012386,0.867483,-14.779659,3.011581507,-0.19953,-0.05136,-0.125445,0.14817,0.053102679,3.960570465,3.054352323,-0.607253275,-2.447099049,-982.30366,-8.25,-982.3332654,2.120132346,-0.13728,-0.09967,-0.118475,0.03761,0.186603638,6.409181915,4.686794481,-0.327392645,-4.359401836,-982.2396868,-0.130639,1.32429,-0.25,0.035,1.3,296.39,-1.704,283.709,-7.231,-0.481,270.942,-3.895483537,-12.17461448,1.740795509,0.2492019,-0.0059799,-0.0296054,8.2203946,0.19483,0.53749,1.523535872,0.003793604,-0.195853,1.97851258,177.5751907
C37,CAAC,CC1(C)CN(c2ccccc2)C(C)(C)C1,22.3,58.90012062,244.9860307,0.240422364,10.68809966,23.38851988,30.93949563,122.1470013,12.70042022,90.28210608,0,19.36074106,0,92.81743707,53.85676837,5.043352244,205.9422416,35.82096146,3.161983116,6.962469619,4.38,3.161983116,6.603597262,4.38,418.5923022,663.499821,15.44036076,15.95503945,0.172406774,0.171059789,0.168229269,0.161990505,0.150489756,0.131696442,0.103125659,0.068826254,0.037620427,0.32928896,0.329288026,0.329142918,0.329130931,0.328501832,0.327961936,0.327368218,0.326577374,0.325895771,0.324734274,0.323781112,0.322470859,0.32111896,0.319490459,0.317607015,0.315691212,0.329278989,0.328459298,0.328653502,0.326774551,0.325704951,0.32769082,0.328369459,0.326039779,0.324942559,0.323976995,0.329006981,0.325287766,0.324133063,0.323180908,0.321876912,0.321787264,0.321906853,0.321458468,0.320341496,0.319755717,0.322019609,0.32130789,0.319912568,0.31931634,0.31733582,0.320635699,0.318945192,0.31851169,0.316318682,0.315295771,0.317346041,0.317534222,0.315029679,0.314131665,0.31220851,0.317712502,0.313961309,0.313169062,0.31108443,0.309321006,0.310402441,0.311069064,0.309093979,0.307478597,0.305223267,0.311702363,0.308487988,0.306598217,0.304082402,0.301261301,0.305430379,0.304229808,0.301782212,0.298954154,0.296603522,17.82467641,24.0409299,41.20724913,17.18274462,14.88838125,301.1646433,301.3358218,46.61976348,9.29017373,357.93053,5368.162312,5.947568612,-871.369,-145.715,-313.544,-443.542,276.067,239.669,244.296,253.344,-595.302,93.955,-69.248,-190.199,-2162.319,-1084.603,-2423.85,-1890.257,2993.247,2992.655,3008.323,2998.075,830.929,1908.052,584.473,1107.818,0.13298,45.47,1.891,-0.21906,-0.3375,-0.524406667,0.05398,0.339516667,1.9452,1.96107,0.05765,0.033276667,0.27304,0.08507,-0.06865,0.28097,-599.1024953,-0.40371,0.68108,0.95183,-598.8829863,17.57,3.67,12.05,33.82,296.36598,263.54282,0.815678,1.268354575,-0.92576,0.060901,0.86486,-14.784242,2.990556319,-0.19489,-0.0199,-0.107395,0.17499,0.032955272,5.44272039,3.578563643,0.4926065,-4.071170143,-599.1360016,-5.34,-599.1584521,1.695235857,-0.11475,-0.07384,-0.094295,0.04091,0.108672049,3.021738879,1.869076103,0.460226737,-2.329302841,-599.0568245,-0.14059,1.3458,0.035,0.03,1.345,208.879,2.321,157.726,17.82,-4.729,147.341,-4.001066306,-12.05862343,2.154513767,0.2530153,0.0335063,-0.0224505,5.3175495,0.20163,0.5481,1.546591122,0.860105721,-0.197529,1.964712914,178.9194475
C38,CAAC,CC(C)c1cccc(C(C)C)c1N1CC(C)(C)CC1(C)C,27.4,74.65772014,348.7006636,0.214102604,11.20163885,29.08137892,30.85368194,170.5387546,16.74493352,136.3283961,0,21.60734426,0,130.1933582,61.83388317,12.82383697,287.3319253,61.36873834,3.773965891,7.218026921,4.38,3.773965891,6.779979093,4.38,518.5919741,895.9946909,4.320100938,4.464104303,0.220108578,0.219122168,0.216703976,0.208313543,0.192199112,0.166680761,0.131300246,0.095391222,0.056530887,0.401473108,0.40558421,0.409005945,0.411853976,0.414126895,0.415888231,0.417160491,0.418171269,0.418618989,0.418786045,0.418510645,0.417916247,0.416863996,0.415357837,0.413392567,0.411139936,0.445354813,0.444267144,0.443216117,0.441894472,0.440405292,0.443247431,0.4422449,0.440879249,0.43934949,0.43760929,0.441303109,0.439800596,0.438201358,0.436400711,0.434963516,0.43838644,0.436784603,0.434951351,0.433598324,0.4314584,0.435274274,0.433378181,0.432177795,0.429960025,0.427935343,0.431587398,0.430756154,0.428378197,0.426341612,0.423833058,0.42996983,0.426901325,0.424775291,0.422142608,0.419499923,0.423994281,0.422379426,0.419798605,0.417209129,0.414038424,0.420847365,0.417859346,0.415171507,0.41185255,0.408093946,0.415020697,0.412542831,0.409144178,0.405284631,0.401023121,0.410185812,0.406417376,0.402345667,0.397930096,0.393749138,19.12138827,28.86840506,49.48391819,20.62722388,11.8907206,408.9756947,436.6615432,52.2870325,10.23506355,343.2661387,7820.18305,6.812206502,-869.334,-138.519,-322.738,-443.53,274.512,238.872,243.149,252.178,-594.822,100.353,-79.589,-191.353,-2193.389,-1070.186,-2269.173,-1844.249,2991.548,2992.821,3008.174,2997.514,798.159,1922.635,739.001,1153.265,0.13807,44.85,1.88507,-0.21966,-0.3387,-0.52629,0.05277,0.340756667,1.9442,1.96023,0.05739,0.03375,0.27243,0.07751,-0.08716,0.31899,-834.7927876,-0.37198,0.68986,0.94345,-834.5752558,18.61,4.2,12.59,36.29,428.85365,348.24335,0.789722,1.251993244,-0.917531,0.06845,0.849081,-14.782788,2.486513164,-0.1961,-0.01404,-0.10507,0.18206,0.030318864,3.763078419,1.935496406,1.098835923,-3.034332329,-834.8248364,-6.38,-834.8488126,1.436525181,-0.11596,-0.0761,-0.09603,0.03986,0.11567688,2.136114091,1.145109415,0.566758694,-1.711868108,-834.745732,-0.135913,1.34085,0.015,0.045,1.34,262.409,1.787,262.576,14.697,-2.855,208.48,-4.116708504,-12.11328323,2.152535503,0.2495806,0.0320488,-0.0239762,6.3560238,0.22523,0.55179,1.545568645,0.867187655,-0.156531,1.9672345,179.5580753
C39,CAAC,CC1(C)C=CCN1c1ccccc1,25.7,49.30499132,207.9808312,0.237065075,6.907154338,18.98212357,13.23972267,89.66707743,12.07496924,76.42735477,0,16.3370307,0,75.71259604,45.66315131,3.641840007,174.1319189,30.28200014,2.304898144,7.128734598,4.38,2.304898144,6.728236847,4.38,370.0928313,565.8390907,29.43068764,30.41171056,0.136722873,0.135140089,0.131908528,0.126258593,0.117587813,0.104692362,0.085915856,0.061186748,0.033223298,0.289723629,0.286584749,0.283576944,0.280658276,0.277615244,0.27470998,0.271853072,0.269004209,0.266365054,0.263805995,0.261242319,0.258699093,0.256230936,0.253758345,0.251224523,0.248683896,0.256219374,0.25480432,0.253270501,0.251044502,0.249174953,0.253477678,0.251931369,0.249526256,0.24767228,0.245830458,0.250478746,0.247726473,0.245962309,0.244191217,0.242304774,0.245136051,0.243899382,0.242332351,0.24054456,0.23923775,0.242733361,0.241048339,0.239182365,0.237962083,0.236688398,0.239456905,0.237552047,0.236541875,0.235375666,0.233908546,0.235750129,0.235200379,0.234157064,0.232699001,0.231135113,0.234679557,0.233422298,0.231785286,0.230125357,0.228622462,0.232229499,0.230447542,0.228757703,0.227292586,0.225678161,0.228754664,0.227149801,0.225806064,0.224235036,0.222370073,0.225623208,0.224437864,0.222870724,0.220959278,0.219052964,17.8096714,20.3209408,38.75394843,14.33383995,18.78534011,255.0486817,244.5271398,43.42938284,9.007149504,381.7357842,4542.333213,5.9702591,-914.731,-128.664,-289.459,-444.284,278.933,243.093,246.894,256.307,-635.797,114.429,-42.564,-187.977,-2229.17,-1178.837,-3024.583,-2144.196,2994.391,2994.006,3008.506,2998.968,765.222,1815.169,-16.077,854.771,0.03249,44.73,1.90659,-0.21671,-0.33263,-0.529163333,0.04474,0.351086667,1.9266,1.95771,0.13926,0.05558,0.26145,0.06232,-0.19567,0.32597,-519.3378455,-0.40743,0.60546,0.99896,-519.0862514,17.42,3.6,10.8,31.59,243.12857,225.54148,0.835247,1.264396137,-0.889357,-0.009339,0.898696,-14.783299,3.879845523,-0.19667,-0.04853,-0.1226,0.14814,0.050731605,5.039293842,3.78350069,-0.491363573,-3.292137117,-519.3452695,-4.93,-519.3686686,1.622935159,-0.13956,-0.09338,-0.11647,0.04618,0.146873765,4.627404046,3.40789765,-0.291111501,-3.116786149,-519.2871489,-0.13995,1.33899,0.245,-0.06,1.315,181.448,-4.257,127.24,1.65,-7.898,123.213,-3.958438079,-12.06488261,1.581538511,0.2590181,0.007424,-0.0233991,4.9066009,0.22816,0.57297,1.504366222,0.304769553,-0.207381,1.961175379,179.4339899
C40,IZLD,Cc1ccccc1N1CCN(c2ccccc2C)C1,32.1,62.91744039,293.2948401,0.214519425,13.72122316,19.2132685,57.64858533,88.96386626,5.492045341,31.31528092,0.005229523,18.6055979,1.304117716,87.3090355,61.43853121,1.478909181,283.8009043,9.493935831,3.211815139,7.259832554,4.38,3.211815139,6.821788165,4.38,487.1835988,775.7562382,13.5203159,13.9709931,0.182722551,0.181490935,0.178530301,0.171493003,0.159121679,0.137946133,0.105290528,0.066848308,0.032266367,0.351264526,0.351343379,0.35122878,0.351073457,0.350711051,0.350453084,0.350028881,0.349765951,0.349536701,0.349173484,0.348806716,0.348341488,0.347775191,0.347003911,0.346026394,0.344857155,0.352106199,0.351061451,0.35049621,0.349496501,0.349072994,0.350081978,0.349765087,0.348730847,0.348425969,0.347706899,0.349467397,0.348115437,0.347938194,0.347197782,0.347085829,0.346842982,0.347239716,0.346526786,0.346572973,0.34662007,0.347613786,0.346381978,0.346492867,0.34657186,0.346154123,0.345218586,0.345978236,0.346261722,0.34583714,0.34546527,0.346696834,0.346741774,0.346021833,0.345519047,0.34480558,0.346784349,0.345710503,0.345166338,0.344391777,0.343472314,0.344691714,0.344418487,0.343673274,0.342745134,0.341362374,0.344158918,0.343201601,0.342159012,0.340628989,0.338808831,0.342290972,0.341231023,0.339563431,0.33762663,0.335538376,19.05129245,25.33197806,41.4709201,18.58303632,15.18814732,355.6257973,345.3181539,44.14094847,9.350234131,384.7458146,6775.131069,6.52097006,-647.139,-118.937,-256.88,-340.985,277.724,235.841,242.395,251.987,-369.415,116.904,-14.485,-88.998,-1930.078,-1063.451,-1503.549,-1499.026,2994.336,2993.48,3008.75,2998.855,1064.257,1930.029,1505.2,1499.829,0.1979,46.14,1.88368,-0.22665,-0.70306,-0.704995,0.51504,0.518115,1.97774,1.97787,0.01842,0.01831,0.74169,0.07454,0.13532,0.09779,-767.4623386,-0.37972,0.76514,0.96689,-767.2204675,18.67,4.2,12.03,34.58,342.31057,312.21628,0.757953,1.112794317,-0.748481,-0.071839,0.820321,-14.762058,2.806877413,-0.21489,-0.01446,-0.114675,0.20043,0.032805358,6.094780957,3.893263925,0.737590357,-4.630854282,-767.4928168,-9.43,-767.5240168,1.74320802,-0.09677,-0.09789,-0.09733,-0.00112,-4.229075402,3.256378142,2.461201736,-0.359472971,-2.101728765,-767.3723373,-0.132844,1.35017,0.005,0.02,1.35,294.438,-1.423,198.694,-0.444,7.837,159.893,-3.796119154,-11.83724979,3.278406779,0.2723493,0.0304782,-0.0312,9.3988,0.06258,0.56724,1.536245991,0.000860298,-0.146067,1.976336072,179.0322315
C41,IZLD,Cc1cccc(C)c1N1CCN(c2c(C)cccc2C)C1,37.8,66.69001848,328.0222062,0.203309463,16.0901972,17.25219728,77.56212543,86.43834563,1.162000071,8.876220205,0,17.24383004,1.380137821,84.98327737,66.67328401,0.016734474,322.3457186,5.676487619,4.488053952,7.232809543,4.38,4.488053952,6.796583548,4.38,505.3536817,844.6303733,9.930232018,10.26123975,0.206785543,0.205709544,0.203767815,0.197440464,0.183079703,0.156846898,0.114511672,0.061906216,0.025653554,0.352186383,0.356593851,0.360689771,0.364620461,0.367953088,0.37113306,0.374101489,0.37706514,0.379682853,0.38207903,0.384314288,0.386257015,0.387766228,0.388968464,0.389810344,0.390291225,0.39923149,0.400494123,0.402185653,0.402551679,0.40335733,0.401677867,0.403527187,0.403525782,0.40423743,0.40502767,0.405264463,0.404367466,0.404991344,0.405745726,0.40706727,0.403523218,0.404866595,0.405888008,0.407455494,0.408269977,0.406133229,0.406971012,0.408622114,0.409296592,0.409818527,0.407762264,0.409764799,0.410238192,0.410618831,0.411066722,0.411659117,0.411377612,0.411471763,0.411787096,0.411728753,0.411110921,0.41138535,0.411825421,0.411743989,0.410895828,0.411645709,0.412155666,0.411934104,0.410848603,0.409651232,0.412640132,0.412067669,0.410608592,0.40921189,0.407541401,0.411523126,0.409665923,0.408177028,0.406414742,0.404393491,19.60155145,28.26351403,44.2213472,19.88587641,13.28962891,388.2312408,389.5728582,46.97121741,9.526937846,375.611613,7609.934642,6.918381447,-641.262,-110.37,-259.32,-336.984,278.198,236.636,240.568,251.801,-363.065,126.266,-18.752,-85.184,-1895.745,-1079.331,-1219.576,-1398.217,2993.25,2992.322,3008.053,2997.875,1097.505,1912.991,1788.476,1599.657,0.19721,45.25,1.87775,-0.2238,-0.70572,-0.705725,0.5282,0.52821,1.97717,1.977175,0.01924,0.01924,0.752,0.07264,0.18279,0.02162,-846.0330936,-0.37136,0.78172,0.98132,-845.7919238,18.98,4.38,12.28,38.62,387.901,339.56867,0.757479,1.103632104,-0.743069,-0.069927,0.812996,-14.764057,2.507821357,-0.21399,-0.01405,-0.11402,0.19994,0.032511154,6.717884176,4.048891273,1.180214018,-5.229105291,-846.0624228,-9.37,-846.0937697,1.284654214,-0.08836,-0.09166,-0.09001,-0.0033,-1.22754547,4.945857256,3.527533781,-0.061377079,-3.466156703,-845.9361164,-0.132666,1.35001,0,0,1.35,308.413,0.906,247.29,0.001,0.031,163.42,-3.895776548,-11.88466555,3.436964446,0.270499,0.0293292,-0.0313469,9.3386531,0.01442,0.58451,1.542934563,0,-0.141901,1.972444614,179.995649
C42,OXZL,C1COCN1,24.7,36.19039285,82.34366718,0.439504264,8.857766519,9.235338099,19.5659444,20.57335278,0.37757158,1.007408383,0,9.235338099,0,20.57335278,36.19039285,0,80.21787167,0,2,3.114081752,4.38,2,3.114081752,4.38,212.0901657,269.9839125,45.18105565,46.68709084,0.225563279,0.224082759,0.220343155,0.21455661,0.206959977,0.197859702,0.188575041,0.179224108,0.169111121,0.233360027,0.226815332,0.220559846,0.214057975,0.207756691,0.20161666,0.195565206,0.189481551,0.183778197,0.178170266,0.172688691,0.167243488,0.161997645,0.156885213,0.151837945,0.147080692,0.163502266,0.160642215,0.155743619,0.151572517,0.147627943,0.157960857,0.15222029,0.148072472,0.144241728,0.140363754,0.146827526,0.143568536,0.140200781,0.136591679,0.13254146,0.140501195,0.13717395,0.13356552,0.129465043,0.126309784,0.134036781,0.130389185,0.126190858,0.123240509,0.120070598,0.12694418,0.122588674,0.120026915,0.117037683,0.113976895,0.118468542,0.116843592,0.114079738,0.111150021,0.107895719,0.115304146,0.1120555,0.108958357,0.105582408,0.102593238,0.108973412,0.106025307,0.102662911,0.099802474,0.09698378,0.103224576,0.099740312,0.097041071,0.094342712,0.091447189,0.096425977,0.094171821,0.0916616,0.088844755,0.086659976,13.45282947,14.09568279,28.60184597,10.73000605,20.78378054,117.7944515,96.62594863,28.60184597,8.005861621,292.9615777,1584.668668,3.93633323,-647.837,-137.031,-267.255,-350.707,274.744,240.181,247.339,254.088,-373.093,103.151,-19.915,-96.619,-1980.426,-1191.599,-1286.836,-1486.287,2994.323,2994.112,3008.6,2999.012,1013.897,1802.513,1721.764,1512.725,0.2919,51.15,1.89006,-0.25555,-0.35069,-0.635486667,0.0208,0.328773333,1.96668,1.981833333,0.20245,0.078976667,0.27635,0.13248,0.2274,0.00863,-246.9739685,-0.5167,0.88277,0.96175,-246.7436596,13.82,3.14,7.67,26.47,95.22376,109.69572,0.919302,1.149113556,-0.751459,-0.110803,0.862261,-14.733265,4.525424569,-0.22859,0.02246,-0.103065,0.25105,0.021155934,2.565656592,1.606956487,0.36037957,-1.967336057,-247.0553523,0.55,-247.0682223,2.914869135,-0.10101,-0.09086,-0.095935,0.01015,0.453375578,3.866909155,2.868070529,-0.290740994,-2.577329535,-246.9321501,-0.123215,1.36237,-0.08,0.005,1.36,48.008,0.626,36.295,0.676,-0.037,53.8,-3.470982465,-10.83804233,3.352495052,0.3116927,0.0813838,-0.01287,-0.56287,0.0645,0.59087,1.541643378,0.233158144,-0.193162,1.957651732,178.7689041
C43,OXZL,Cc1ccc(N2CCOC2)cc1,21.6,49.47442787,187.3639689,0.264055187,8.647539683,20.59281674,18.93597974,101.220576,11.94527706,82.28459625,0,18.13912442,0,88.97750844,46.99667974,2.477748126,170.3565314,12.29847565,2,8.371266354,4.38,2,6.865976783,4.38,357.7514829,526.0816741,32.25075353,33.32577865,0.075655444,0.073707259,0.069151729,0.061833213,0.05212809,0.039487994,0.025639679,0.017227617,0.010615243,0.300506555,0.295602414,0.290609487,0.285559145,0.280413656,0.275356411,0.270360902,0.265336126,0.260585153,0.255939009,0.251369406,0.246862858,0.242558329,0.238229872,0.233965133,0.22982698,0.248159982,0.244281324,0.240400804,0.236321631,0.232581361,0.240645,0.236877233,0.232848401,0.229258224,0.225773302,0.233337743,0.229297227,0.225904268,0.222585438,0.219031542,0.225494317,0.222508955,0.219406592,0.21595079,0.213186666,0.219694137,0.216618593,0.213119434,0.210524804,0.207877478,0.213713867,0.210100886,0.207795481,0.205311357,0.202685722,0.206683152,0.205071842,0.202802482,0.200281581,0.197623031,0.203545318,0.201012609,0.198364515,0.195640696,0.193325825,0.198609752,0.195969926,0.19326689,0.191082067,0.18843572,0.193462063,0.190792436,0.188815454,0.186194591,0.183570069,0.188253008,0.18665935,0.184000805,0.181384248,0.178998767,17.07795661,18.02474708,32.55971376,13.11000723,18.78534011,235.0673513,218.5344449,44.63585636,8.683182981,338.6010042,4014.470026,5.796424369,-660.901,-142.358,-260.996,-354.752,273.621,235.263,246.601,251.829,-387.28,92.905,-14.395,-102.923,-1997.614,-1125.65,-1531.267,-1551.51,2995.439,2993.396,3008.186,2999.007,997.826,1867.746,1476.918,1447.497,0.31299,51.6,1.88905,-0.25765,-0.34778,-0.62977,0.02291,0.31669,1.90322,1.958256667,0.22031,0.08718,0.28056,0.08592,0.11326,0.31077,-517.16929,-0.41977,0.57409,0.37148,-516.9100353,17.06,4.04,10.45,30.3,215.93435,212.37088,0.819603,1.126767982,-0.729879,-0.120098,0.849976,-14.729049,4.186083184,-0.2295,-0.02226,-0.12588,0.20724,0.038230492,7.305185361,4.553919891,1.059089634,-5.613009525,-517.2013343,-3.04,-517.2203832,2.456225553,-0.12052,-0.10736,-0.11394,0.01316,0.493249377,6.714509974,5.133260733,-0.899432784,-4.233827949,-517.0905496,-0.121074,1.36321,-0.09,0.025,1.36,178.598,5.443,92.388,24.547,-16.793,122.991,-3.510305768,-11.20006535,3.014598429,0.291299,0.0320443,-0.0190489,3.0209511,0.19973,0.2611,1.528583171,0.223601146,-0.164742,1.963123756,179.4158962
C44,OXZL,CC1=COCN1c1ccccc1,26.4,47.23723781,184.889488,0.25548904,8.910061752,16.98339978,19.149199,72.40976906,8.073338028,53.26057006,0,16.17073186,0,70.01807744,46.41411085,0.823126963,176.6561911,4.826203903,2,7.205972989,4.38,2,6.779992744,4.38,345.0819606,508.2214807,34.21079933,35.35115931,0.117062895,0.115354374,0.111758394,0.105691997,0.097110956,0.085130345,0.068979279,0.0495228,0.030565391,0.283345128,0.279277913,0.275173132,0.271121074,0.267095757,0.263225634,0.259348793,0.255684053,0.25214423,0.248604312,0.245158587,0.241887322,0.238631803,0.235240634,0.231841079,0.22854344,0.239931865,0.236920031,0.234190396,0.231438,0.229006651,0.234096374,0.2315831,0.228946003,0.22667615,0.224145213,0.229222098,0.226600125,0.224490535,0.222012104,0.21997714,0.22413234,0.222329348,0.219880519,0.217986295,0.216127814,0.220629354,0.217933309,0.216162898,0.21439662,0.212292159,0.215387005,0.214112279,0.212541398,0.210481643,0.208489967,0.21290644,0.211231851,0.209016969,0.206986409,0.20529705,0.209645377,0.207223037,0.205213549,0.203632131,0.201774639,0.204924891,0.20316514,0.201826317,0.200046566,0.197589563,0.201493357,0.200391266,0.198577685,0.195973741,0.193396145,0.199342924,0.197224764,0.194307569,0.191606915,0.189340879,17.48099508,17.90987016,33.37080446,12.88951467,19.38487224,224.0563146,207.2351066,44.01680565,8.79979918,347.1805449,3916.727333,5.83200231,-616.242,-150.381,-258.01,-341.544,272.611,237.157,249.944,253.237,-343.631,86.776,-8.066,-88.307,-1961.48,-1173.053,-1326.737,-1487.09,2994.788,2993.781,3008.732,2999.1,1033.308,1820.729,1681.994,1512.01,0.2351,55.28,1.92757,-0.26604,-0.34824,-0.622676667,0.0088,0.295763333,1.87111,1.94441,0.27759,0.105163333,0.27484,0.08677,0.1386,0.13442,-515.961917,-0.41804,0.77072,1.05795,-515.6897211,17.23,3.91,10.25,30.73,208.13912,204.01296,0.832522,0.971604846,-0.554644,-0.213887,0.76853,-14.737048,4.646737049,-0.23449,-0.02937,-0.13193,0.20512,0.042427664,6.619334579,4.283034357,0.713217075,-4.996251432,-515.990978,-2.27,-516.0089212,2.510360024,-0.10983,-0.11305,-0.11144,-0.00322,-1.928396522,4.874450069,2.710193207,1.169041135,-3.879234342,-515.8663923,-0.125489,1.3624,-0.08,-0.01,1.36,156.044,-4.392,99.429,19.824,13.927,113.499,-3.53915663,-11.24326135,3.39014192,0.3012569,0.029061,-0.0179432,2.2520568,0.0965,0.53562,1.361997692,0.071273339,-0.188358,1.958693155,178.5330916
C45,TRZL,CN1CN(C(C)(C)C)N=C1NC(C)(C)C,46.6,55.41621221,250.1346502,0.221545524,11.6179089,16.20838443,59.08139429,66.16661407,4.489022777,7.085219781,0,14.54121241,0,63.95984218,52.19691769,3.219294526,245.8997595,4.234890677,3.192641836,5.484148522,4.38,3.192641836,5.484148522,4.38,444.9619334,702.214009,21.97051334,22.70286378,0.211966123,0.210683934,0.207684942,0.202305099,0.193926969,0.18319419,0.169782511,0.152017962,0.129745551,0.329801103,0.325672532,0.321459214,0.317150256,0.31260176,0.308289461,0.303996235,0.299533868,0.295287227,0.291007242,0.286714046,0.282310404,0.277953925,0.273530914,0.268994614,0.264509704,0.285732943,0.282410847,0.278930177,0.274859381,0.271702733,0.279296313,0.275840928,0.271669209,0.268709894,0.265706369,0.272594895,0.268195235,0.265591681,0.26279326,0.259363349,0.264054303,0.262392895,0.259895473,0.256514017,0.25379308,0.260826398,0.257990851,0.254276979,0.251573814,0.2486015,0.255312794,0.25127004,0.24881971,0.245946726,0.24292489,0.247445759,0.245831596,0.243150145,0.240224322,0.236868046,0.244302369,0.241168888,0.238061732,0.234553665,0.231310492,0.238196063,0.235177283,0.23162607,0.228458039,0.2250709,0.23230941,0.228583291,0.225525885,0.222179698,0.218510675,0.225038898,0.222378216,0.219121906,0.215461588,0.212119735,17.15799856,21.46284885,37.05107676,16.00703249,17.08666574,326.0756911,316.2427465,38.35601714,9.411590288,366.728524,5594.80624,5.90840918,-523.62,-118.749,-245.455,-295.941,276.061,235.19,248.483,253.245,-247.559,116.44,3.028,-42.697,-1693.167,-1010.96,-1246.421,-1316.849,2995.548,2992.587,3009.622,2999.253,1302.382,1981.628,1763.201,1682.403,0.07147,49.51,1.90799,-0.2325,-0.32464,-0.575093333,0.03513,0.343046667,1.91423,1.957216667,0.29461,0.111326667,0.26763,0.10373,0.03964,0.00543,-650.8178212,-0.42242,0.34511,0.33553,-650.6052381,17.01,4.08,12.16,33.67,310.00996,282.48544,0.784161,0.910651971,-0.537007,-0.176874,0.713881,-14.772876,3.432984831,-0.2152,0.02031,-0.097445,0.23551,0.020159501,10.3644389,8.318091969,-2.810785592,-5.507306377,-650.8791997,-8.33,-650.9078344,2.824008612,-0.06854,-0.09662,-0.08258,-0.02808,-0.121429067,10.28908176,8.236521313,-2.685644543,-5.55087677,-650.7318708,-0.133428,1.34002,-0.005,0,1.34,183.47,-0.502,133.047,15.094,-0.406,181.027,-3.667628096,-11.7561808,4.009014516,0.2739616,0.0613785,-0.0286347,8.3013653,0.03183,0.27364,1.320964023,1.180624805,-0.186904,1.987280697,178.6516487
C46,TRZL,Cc1ccc(N2CN(C(C)(C)C)N=C2c2ccccc2)cc1,36.2,63.17787065,338.3739471,0.18671021,12.83847963,16.99281292,55.21723407,117.8825248,4.154333288,60.54392547,0.059616565,16.5169263,0.537426018,112.9707951,61.37159332,1.806277338,326.5657562,11.80819088,3.067863374,8.300314432,4.38,3.067863374,6.822851748,4.38,555.483526,892.2798289,14.01032735,14.47733826,0.129534353,0.128051844,0.123576922,0.114468872,0.100335856,0.081854234,0.064414504,0.049264603,0.039627302,0.357996871,0.357276497,0.356231231,0.35499276,0.353388623,0.351646944,0.349804253,0.34774998,0.345638101,0.34308359,0.340601918,0.337832782,0.334891903,0.331768135,0.328276615,0.324789966,0.350307628,0.347966273,0.345916895,0.343276245,0.340847067,0.345771203,0.343922991,0.341213322,0.338828997,0.336604987,0.342186757,0.33913731,0.336784182,0.334640138,0.332211058,0.336267189,0.334316502,0.332409031,0.330062852,0.327883764,0.332477252,0.330642108,0.328222161,0.326070622,0.322847317,0.32890889,0.326268583,0.324163639,0.320756068,0.31818509,0.32377096,0.321979876,0.318321746,0.315847297,0.312746729,0.320283036,0.315808417,0.313474413,0.31033465,0.307100132,0.311563214,0.310327439,0.30734709,0.304205738,0.300874171,0.309153439,0.305394465,0.301990375,0.298519595,0.294318176,0.301818817,0.298666594,0.295309624,0.291040048,0.287482504,19.09507718,24.72216537,38.77055215,18.48135071,15.78767945,402.6183973,394.073332,46.92488891,9.230972767,390.3056222,7688.029371,6.863565532,-556.98,-114.912,-255.29,-309.061,277.95,236.832,247.501,254.094,-279.03,121.92,-7.79,-54.966,-1760.94,-1089.497,-1409.907,-1420.115,2994.441,2992.026,3009.69,2998.719,1233.501,1902.53,1599.783,1578.605,0.089,49.76,1.90631,-0.24207,-0.33483,-0.583113333,0.02159,0.32642,1.86368,1.938996667,0.30279,0.11587,0.26366,0.05519,0.02899,0.0099,-900.1666256,-0.37879,0.53881,0.80715,-899.8985698,18.84,4.82,11.54,35.68,395.9527,356.36307,0.731735,0.936728071,-0.559119,-0.172402,0.731521,-14.763885,2.149918852,-0.22359,-0.03884,-0.131215,0.18475,0.046596417,13.86685605,10.43744354,-1.418764173,-9.018679366,-900.1754294,-10.01,-900.2072438,0.906846103,-0.10868,-0.16682,-0.13775,-0.05814,-0.163184232,15.10353963,11.52462456,-1.961558901,-9.563065655,-900.0451585,-0.126106,1.34549,-0.03,-0.02,1.345,311.742,-4.38,178.837,3.954,17.02,268.149,-3.700431402,-11.72503583,3.544843742,0.2768596,0.0088038,-0.0318144,9.9781856,0.06001,0.44981,1.321082857,0.77950494,-0.17637,1.98039592,179.2789175
C47,TRZL,c1ccc(NC2=NN(c3ccccc3)CN2c2ccccc2)cc1,33.4,58.35102067,350.6367923,0.166414426,12.17014656,16.61314953,73.84683219,101.2608733,4.386524121,27.41404111,0.014642665,15.85173094,0.615398689,98.14548059,56.02179101,2.329229666,340.7732347,9.863557643,2.672378567,7.352197492,4.38,2.672378567,6.886093802,4.38,570.3254016,902.456144,21.6905068,22.41352369,0.166941841,0.165595347,0.162191968,0.155381485,0.145453941,0.130982939,0.111000579,0.088537715,0.067143842,0.338386472,0.336021777,0.333432923,0.330585877,0.327554187,0.324566716,0.32170439,0.318759342,0.315999674,0.313057437,0.310265502,0.307403943,0.304640258,0.30195982,0.299111495,0.296383836,0.313145834,0.310245365,0.307019123,0.303783732,0.30106225,0.307526116,0.304236883,0.301037004,0.298484653,0.296413593,0.301146934,0.29808136,0.295821505,0.294031538,0.291875144,0.295196061,0.293389063,0.291927919,0.289878521,0.288316316,0.291685293,0.290431207,0.288300924,0.286828386,0.284589774,0.289246773,0.286747107,0.28538269,0.283048902,0.28123996,0.284382525,0.28360444,0.281198301,0.279494471,0.277437554,0.282867297,0.279729649,0.278030655,0.275918009,0.274122913,0.27675287,0.275795139,0.273831096,0.272203026,0.270687448,0.274885284,0.272477927,0.270833051,0.269351361,0.26712776,0.270187978,0.268952747,0.267680871,0.265413591,0.26363078,19.82986591,23.26779844,37.74528871,17.32340654,16.98674371,396.9710268,388.291131,44.83393082,9.266470709,395.2441289,7871.882232,6.459112806,-559.092,-111.097,-241.366,-303.852,277.396,234.198,247.91,253.168,-281.696,123.101,6.544,-50.684,-1814.228,-1063.454,-1357.977,-1411.886,2996.038,2993.462,3010.319,2999.94,1181.81,1930.007,1652.343,1588.053,0.11333,50.75,1.90686,-0.25408,-0.34737,-0.594766667,0.01276,0.313936667,1.87421,1.94216,0.29807,0.11335,0.26684,0.0503,0.01353,0.1759,-989.9404554,-0.36974,0.19961,0.04247,-989.685706,19.48,4.55,11.86,34.58,394.25277,361.77374,0.718726,0.943632333,-0.563822,-0.172842,0.736663,-14.750458,3.461722493,-0.21701,-0.0387,-0.127855,0.17831,0.04583843,19.24498966,14.19167133,-1.253561964,-12.93810937,-989.9479272,-13.39,-989.9891454,4.283671253,-0.07697,-0.16633,-0.12165,-0.08936,-0.082803953,16.53030359,11.71838382,-0.059616155,-11.65876766,-989.8048479,-0.118581,1.35577,-0.005,0.045,1.355,357.328,2.214,162.989,8.961,-27.58,308.09,-3.585780404,-11.5124728,3.893377272,0.2622212,0.0074718,-0.0412182,13.3487818,0.0998,0.08628,1.318608951,1.138473782,-0.189916,1.97703793,178.7608309